RCPT_YR,CGG_CD,CGG_NM,STDG_CD,STDG_NM,LOTNO_SE,LOTNO_SE_NM,MNO,SNO,BLDG_NM,THING_AMT,ARCH_AREA,LAND_AREA,FLR,RGHT_SE,RTRCN_DAY,ARCH_YR,BLDG_USG,DCLR_SE,OPBIZ_RESTAGNT_SGG_NM,CTRT_DT,TRAD_YRMTH,SQM_PRICE
2023,11290,성북구,13600,하월곡동,1,대지,0225,0000,래미안월곡,68500,59,0,2,,,2006,아파트,중개거래,서울 성북구,2023-12-31,2023-12,1161.017
2023,11440,마포구,12600,중동,1,대지,0040,0012,현대,58000,59,0,1,,,2000,아파트,중개거래,서울 마포구,2023-12-30,2023-12,983.05084
2023,11560,영등포구,11000,여의도동,1,대지,0047,0000,여의도자이,392000,210,0,21,,,2008,아파트,중개거래,서울 영등포구,2023-12-29,2023-12,1866.6666
2023,11305,강북구,10100,미아동,1,대지,0705,0001,한화 포레나 미아,113971,84,0,6,분양권,20240906,0,아파트,중개거래,서울 강북구,2023-12-29,2023-12,1356.7976
2023,11545,금천구,10200,독산동,1,대지,1093,0004,한신아파트,59800,89,0,5,,,1991,아파트,중개거래,서울 금천구,2023-12-29,2023-12,671.9101
2023,11560,영등포구,13300,대림동,1,대지,0946,0001,대림현대,57900,59,0,4,,,1999,아파트,중개거래,서울 영등포구,2023-12-29,2023-12,981.35596
2023,11620,관악구,10200,신림동,1,대지,1695,0000,동부,37600,50,0,10,,,1993,아파트,직거래,,2023-12-29,2023-12,752.0
2023,11305,강북구,10100,미아동,1,대지,0705,0001,한화 포레나 미아,113971,84,0,6,분양권,,0,아파트,중개거래,서울 강북구,2023-12-29,2023-12,1356.7976
2023,11500,강서구,10400,가양동,1,대지,1460,0000,한강타운,105500,84,0,11,,,1993,아파트,중개거래,"서울 강서구, 서울 마포구",2023-12-29,2023-12,1255.9524
2023,11530,구로구,10200,구로동,1,대지,0685,0070,현대연예인,60000,74,0,3,,,1989,아파트,중개거래,서울 구로구,2023-12-28,2023-12,810.8108
2023,11230,동대문구,10500,답십리동,1,대지,0080,0000,답십리청솔우성,90000,114,0,13,,,2000,아파트,중개거래,서울 동대문구,2023-12-28,2023-12,789.4737
2023,11305,강북구,10100,미아동,1,대지,0811,0000,두산위브트레지움,84500,84,0,10,,,2011,아파트,직거래,,2023-12-28,2023-12,1005.9524
2023,11500,강서구,10200,등촌동,1,대지,0687,0000,"등촌1,2단지주공아파트",50000,41,0,15,,,1994,아파트,중개거래,대구 달성군,2023-12-28,2023-12,1219.5122
2023,11530,구로구,10700,개봉동,1,대지,0480,0000,현대홈타운,58000,59,0,6,,,2001,아파트,중개거래,"경기 시흥시, 서울 구로구",2023-12-28,2023-12,983.05084
2023,11680,강남구,10500,삼성동,1,대지,0098,0011,삼부아그레빌,190000,97,0,12,,,2003,아파트,중개거래,서울 강남구,2023-12-28,2023-12,1958.763
2023,11380,은평구,10600,대조동,1,대지,0005,0011,DasHaus,18000,16,0,4,,20231228,2013,아파트,직거래,,2023-12-28,2023-12,1125.0
2023,11470,양천구,10200,목동,1,대지,0772,0011,정은스카이빌,59800,84,0,11,,20240205,2002,아파트,직거래,,2023-12-28,2023-12,711.9048
2023,11590,동작구,10500,흑석동,1,대지,0340,0000,롯데캐슬에듀포레,135000,59,0,7,,,2018,아파트,중개거래,서울 동작구,2023-12-28,2023-12,2288.1355
2023,11650,서초구,10800,서초동,1,대지,1487,0063,서초1차e-편한세상,220000,130,0,4,,,2004,아파트,직거래,,2023-12-28,2023-12,1692.3077
2023,11380,은평구,10200,녹번동,1,대지,0086,0126,예원(86-126),51000,93,0,2,,,2004,아파트,중개거래,서울 은평구,2023-12-28,2023-12,548.3871
2023,11380,은평구,10100,수색동,1,대지,0417,0000,DMC롯데캐슬더퍼스트,59290,59,0,1,,,2021,아파트,직거래,,2023-12-28,2023-12,1004.9153
2023,11530,구로구,10200,구로동,1,대지,0106,0002,대림역포스큐,12600,14,0,15,,,2015,아파트,직거래,,2023-12-28,2023-12,900.0
2023,11590,동작구,10500,흑석동,1,대지,0340,0000,롯데캐슬에듀포레,153000,84,0,10,,,2018,아파트,중개거래,서울 동작구,2023-12-28,2023-12,1821.4286
2023,11230,동대문구,10900,휘경동,1,대지,0336,0032,캠퍼스드림오피스텔,19400,16,0,10,,,2020,아파트,중개거래,서울 동대문구,2023-12-28,2023-12,1212.5
2023,11740,강동구,10500,길동,1,대지,0400,0000,길동우성,75000,84,0,1,,20231230,1994,아파트,중개거래,서울 강동구,2023-12-27,2023-12,892.8571
2023,11710,송파구,11400,마천동,1,대지,0582,0000,송파파크데일1단지,82000,84,0,11,,,2011,아파트,중개거래,서울 송파구,2023-12-27,2023-12,976.1905
2023,11740,강동구,10300,상일동,1,대지,0515,0000,고덕숲아이파크,127500,84,0,16,,,2018,아파트,중개거래,서울 강동구,2023-12-27,2023-12,1517.8572
2023,11350,노원구,10600,중계동,1,대지,0161,0001,중앙하이츠,61000,84,0,13,,20240327,1998,아파트,중개거래,서울 노원구,2023-12-27,2023-12,726.1905
2023,11170,용산구,12900,이촌동,1,대지,0404,0000,한가람,185000,84,0,4,,,1998,아파트,중개거래,서울 용산구,2023-12-27,2023-12,2202.3809
2023,11200,성동구,11000,금호동2가,1,대지,0001,0000,신금호파크자이,137000,84,0,16,,,2016,아파트,직거래,,2023-12-27,2023-12,1630.9524
2023,11740,강동구,10700,암사동,1,대지,0509,0000,선사현대아파트,85500,59,0,8,,,2000,아파트,중개거래,"서울 강동구, 서울 송파구",2023-12-27,2023-12,1449.1526
2023,11350,노원구,10600,중계동,1,대지,0583,0000,금호타운(583),70000,84,0,8,,,1997,아파트,직거래,,2023-12-27,2023-12,833.3333
2023,11650,서초구,10300,우면동,1,대지,0773,0000,서초힐스,123000,74,0,8,,,2012,아파트,중개거래,서울 서초구,2023-12-27,2023-12,1662.1621
2023,11620,관악구,10100,봉천동,1,대지,1718,0000,벽산블루밍,69000,59,0,3,,,2005,아파트,중개거래,서울 관악구,2023-12-27,2023-12,1169.4916
2023,11170,용산구,12500,한강로2가,1,대지,0002,0011,한강로대우아이빌,36500,29,0,15,,,2004,아파트,중개거래,서울 용산구,2023-12-27,2023-12,1258.6207
2023,11410,서대문구,12000,남가좌동,1,대지,0387,0000,디엠씨엘가,13500,13,0,6,,,2017,아파트,중개거래,서울 서대문구,2023-12-27,2023-12,1038.4615
2023,11440,마포구,12500,성산동,1,대지,0446,0000,성산시영(선경),90000,50,0,2,,,1986,아파트,중개거래,서울 마포구,2023-12-27,2023-12,1800.0
2023,11380,은평구,10700,응암동,1,대지,0766,0000,백련산파크자이,41000,59,0,17,,,2021,아파트,직거래,,2023-12-27,2023-12,694.9153
2023,11470,양천구,10100,신정동,1,대지,0325,0000,목동신시가지11,110000,51,0,4,,,1988,아파트,중개거래,서울 양천구,2023-12-27,2023-12,2156.8628
2023,11440,마포구,12500,성산동,1,대지,0446,0000,성산시영(유원),106700,59,0,2,,,1986,아파트,중개거래,서울 마포구,2023-12-27,2023-12,1808.4746
2023,11350,노원구,10600,중계동,1,대지,0161,0001,중앙하이츠,61000,84,0,13,,,1998,아파트,중개거래,서울 노원구,2023-12-27,2023-12,726.1905
2023,11650,서초구,10700,반포동,1,대지,0003,0003,반포파크빌,175000,110,0,4,,,2002,아파트,중개거래,서울 서초구,2023-12-27,2023-12,1590.909
2023,11410,서대문구,11100,홍제동,1,대지,0331,0000,홍제현대,80500,83,0,2,,,1992,아파트,중개거래,서울 서대문구,2023-12-27,2023-12,969.8795
2023,11500,강서구,10100,염창동,1,대지,0066,0009,염창동한강우성,68700,65,0,4,,,1990,아파트,중개거래,서울 강서구,2023-12-27,2023-12,1056.9231
2023,11590,동작구,10500,흑석동,1,대지,0328,0000,흑석동양아파트,94000,84,0,10,,,2003,아파트,중개거래,서울 동작구,2023-12-26,2023-12,1119.0476
2023,11215,광진구,10500,자양동,1,대지,0520,0002,우성2,86900,51,0,11,,,1989,아파트,중개거래,서울 광진구,2023-12-26,2023-12,1703.9215
2023,11110,종로구,16200,효제동,1,대지,0065,0002,포레스트힐시티,16000,18,0,12,,,2017,아파트,직거래,,2023-12-26,2023-12,888.8889
2023,11230,동대문구,10500,답십리동,1,대지,0042,0000,동답한신,49400,44,0,11,,,1992,아파트,중개거래,서울 동대문구,2023-12-26,2023-12,1122.7273
2023,11650,서초구,10100,방배동,1,대지,0444,0003,SK리더스뷰(파스텔시티),140000,84,0,13,,,2006,아파트,중개거래,서울 서초구,2023-12-26,2023-12,1666.6666
2023,11470,양천구,10200,목동,1,대지,0965,0000,목동롯데캐슬마에스트로,102000,59,0,10,,,2019,아파트,중개거래,서울 양천구,2023-12-26,2023-12,1728.8136
2023,11470,양천구,10100,신정동,1,대지,0327,0000,목동신시가지13,110000,53,0,15,,,1987,아파트,중개거래,서울 양천구,2023-12-26,2023-12,2075.4717
2023,11305,강북구,10100,미아동,1,대지,0705,0001,한화 포레나 미아,115215,84,0,7,분양권,,0,아파트,직거래,,2023-12-26,2023-12,1371.6072
2023,11620,관악구,10200,신림동,1,대지,1735,0001,관악산휴먼시아1단지,60000,114,0,8,,,2008,아파트,직거래,,2023-12-26,2023-12,526.3158
2023,11740,강동구,10900,천호동,1,대지,0423,0200,강동 밀레니얼 중흥S-클래스,57744,47,0,20,분양권,,0,아파트,직거래,,2023-12-26,2023-12,1228.5957
2023,11290,성북구,13900,석관동,1,대지,0410,0000,래미안아트리치,81500,59,0,18,,,2019,아파트,중개거래,서울 성북구,2023-12-26,2023-12,1381.356
2023,11230,동대문구,10500,답십리동,1,대지,0080,0000,답십리청솔우성,75500,84,0,19,,,2000,아파트,중개거래,서울 동대문구,2023-12-26,2023-12,898.8095
2023,11380,은평구,11400,진관동,1,대지,0066,0000,은평뉴타운꿈에그린,68000,59,0,4,,,2018,아파트,중개거래,서울 은평구,2023-12-26,2023-12,1152.5424
2023,11350,노원구,10600,중계동,1,대지,0445,0000,염광,69500,84,0,3,,,1996,아파트,중개거래,서울 노원구,2023-12-26,2023-12,827.381
2023,11620,관악구,10200,신림동,1,대지,1639,0051,푸리마타운,12000,12,0,10,,,2014,아파트,직거래,,2023-12-26,2023-12,1000.0
2023,11350,노원구,10500,상계동,1,대지,0624,0000,상계주공16(고층),48500,59,0,7,,,1988,아파트,중개거래,서울 노원구,2023-12-26,2023-12,822.0339
2023,11560,영등포구,12000,문래동2가,1,대지,0035,0000,남성,85000,72,0,12,,,1983,아파트,중개거래,서울 영등포구,2023-12-25,2023-12,1180.5555
2023,11215,광진구,10500,자양동,1,대지,0695,0000,한양,160000,108,0,5,,,1983,아파트,중개거래,서울 광진구,2023-12-25,2023-12,1481.4814
2023,11680,강남구,11100,세곡동,1,대지,0533,0000,세곡푸르지오,140000,74,0,3,,,2012,아파트,중개거래,서울 강남구,2023-12-25,2023-12,1891.8918
2023,11410,서대문구,11100,홍제동,1,대지,0463,0000,문화촌현대,68000,84,0,20,,,2002,아파트,중개거래,서울 서대문구,2023-12-25,2023-12,809.5238
2023,11530,구로구,11200,항동,1,대지,0242,0000,하버라인3단지,64600,59,0,12,,,2019,아파트,중개거래,서울 구로구,2023-12-25,2023-12,1094.9153
2023,11710,송파구,10800,문정동,1,대지,0150,0000,올림픽훼밀리타운,159000,84,0,8,,,1988,아파트,중개거래,"서울 송파구, 서울 영등포구",2023-12-25,2023-12,1892.8572
2023,11440,마포구,11400,창전동,1,대지,0042,0007,중앙하이츠101동,53200,57,0,2,,,2007,아파트,중개거래,서울 마포구,2023-12-25,2023-12,933.3333
2023,11500,강서구,10900,방화동,1,대지,0839,0000,방화그린,44500,49,0,4,,,1993,아파트,중개거래,서울 강서구,2023-12-25,2023-12,908.16327
2023,11590,동작구,10200,상도동,1,대지,0533,0000,힐스테이트 상도 프레스티지,125200,84,0,20,,,2013,아파트,중개거래,서울 동작구,2023-12-25,2023-12,1490.4762
2023,11215,광진구,10400,광장동,1,대지,0577,0000,현대파크빌,105000,59,0,25,,,2000,아파트,중개거래,서울 광진구,2023-12-25,2023-12,1779.661
2023,11545,금천구,10300,시흥동,1,대지,0999,0001,산호시티빌,28000,41,0,6,,,2003,아파트,중개거래,서울 금천구,2023-12-24,2023-12,682.9268
2023,11380,은평구,11400,진관동,1,대지,0154,0000,은평뉴타운 제각말 푸르지오(5-1단지),78500,84,0,3,,,2010,아파트,중개거래,서울 은평구,2023-12-24,2023-12,934.5238
2023,11110,종로구,17500,숭인동,1,대지,0201,0011,종로유케이201,10000,12,0,12,,,2013,아파트,직거래,,2023-12-24,2023-12,833.3333
2023,11590,동작구,10200,상도동,1,대지,0363,0164,상도휴엔하임,14400,14,0,13,,,2016,아파트,중개거래,서울 동작구,2023-12-23,2023-12,1028.5714
2023,11350,노원구,10500,상계동,1,대지,0694,0000,임광,95000,122,0,5,,,1989,아파트,중개거래,서울 노원구,2023-12-23,2023-12,778.68854
2023,11230,동대문구,10200,용두동,1,대지,0779,0000,신동아,59800,49,0,6,,,1994,아파트,중개거래,서울 동대문구,2023-12-23,2023-12,1220.4082
2023,11290,성북구,10300,돈암동,1,대지,0015,0001,돈암동삼성,68000,84,0,16,,,1999,아파트,중개거래,서울 성북구,2023-12-23,2023-12,809.5238
2023,11305,강북구,10100,미아동,1,대지,0004,0000,꿈의숲롯데캐슬,83500,84,0,9,,,2017,아파트,중개거래,서울 강북구,2023-12-23,2023-12,994.0476
2023,11470,양천구,10100,신정동,1,대지,1276,0000,신트리3,84000,84,0,3,,,2000,아파트,중개거래,서울 양천구,2023-12-23,2023-12,1000.0
2023,11350,노원구,10500,상계동,1,대지,0626,0000,상계주공14(고층),39500,45,0,7,,,1989,아파트,중개거래,서울 노원구,2023-12-23,2023-12,877.7778
2023,11215,광진구,10300,구의동,1,대지,0611,0000,구의현대2단지,139500,84,0,15,,,1996,아파트,중개거래,서울 광진구,2023-12-23,2023-12,1660.7142
2023,11380,은평구,11400,진관동,1,대지,0019,0000,상림마을8단지롯데캐슬(810~820동)BL1-1,108500,134,0,3,,,2008,아파트,중개거래,서울 은평구,2023-12-23,2023-12,809.7015
2023,11290,성북구,13800,장위동,1,대지,0173,0114,래미안장위퍼스트하이,84000,59,0,6,,,2020,아파트,중개거래,"서울 노원구, 서울 성북구",2023-12-23,2023-12,1423.7288
2023,11200,성동구,10500,마장동,1,대지,0817,0000,삼성,88000,59,0,16,,,1996,아파트,중개거래,서울 성동구,2023-12-23,2023-12,1491.5254
2023,11440,마포구,12300,망원동,1,대지,0433,0009,미원2,59000,55,0,8,,,1997,아파트,중개거래,서울 마포구,2023-12-23,2023-12,1072.7273
2023,11560,영등포구,13300,대림동,1,대지,1127,0000,e편한세상영등포아델포레,93000,59,0,12,,,2020,아파트,중개거래,서울 영등포구,2023-12-23,2023-12,1576.2712
2023,11350,노원구,10200,월계동,1,대지,0013,0000,미성,64500,50,0,5,,,1986,아파트,중개거래,서울 노원구,2023-12-23,2023-12,1290.0
2023,11230,동대문구,10300,제기동,1,대지,1213,0000,어진재,16000,15,0,3,,,2014,아파트,중개거래,서울 동대문구,2023-12-23,2023-12,1066.6666
2023,11350,노원구,10300,공릉동,1,대지,0758,0000,태릉해링턴플레이스,71000,59,0,3,,,2022,아파트,직거래,,2023-12-23,2023-12,1203.3898
2023,11380,은평구,10200,녹번동,1,대지,0283,0000,래미안베라힐즈,110000,84,0,6,,,2019,아파트,중개거래,서울 은평구,2023-12-23,2023-12,1309.5238
2023,11260,중랑구,10600,신내동,1,대지,0650,0000,신내6대주,48250,49,0,12,,,1996,아파트,중개거래,서울 중랑구,2023-12-23,2023-12,984.69385
2023,11305,강북구,10100,미아동,1,대지,0004,0000,꿈의숲롯데캐슬,70000,84,0,3,,,2017,아파트,중개거래,서울 강북구,2023-12-23,2023-12,833.3333
2023,11500,강서구,10100,염창동,1,대지,0057,0000,지오빌,61500,84,0,4,,,2006,아파트,중개거래,서울 강서구,2023-12-23,2023-12,732.1429
2023,11350,노원구,10600,중계동,1,대지,0360,0016,주공10,59800,58,0,2,,,1995,아파트,중개거래,서울 노원구,2023-12-23,2023-12,1031.0344
2023,11110,종로구,17500,숭인동,1,대지,0181,0121,도시그린빌라,23900,44,0,6,,,1997,아파트,중개거래,서울 종로구,2023-12-23,2023-12,543.1818
2023,11200,성동구,11200,금호동4가,1,대지,0340,0000,서울숲푸르지오,119000,59,0,7,,,2007,아파트,중개거래,"경기 성남수정구, 서울 성동구",2023-12-23,2023-12,2016.9491
2023,11440,마포구,11000,노고산동,1,대지,0107,0036,현대벤처빌,26900,31,0,11,,,2002,아파트,중개거래,서울 마포구,2023-12-23,2023-12,867.74194
2023,11260,중랑구,10300,중화동,1,대지,0331,0001,리버센 SK VIEW 롯데캐슬,100035,84,0,15,분양권,,0,아파트,중개거래,서울 중랑구,2023-12-23,2023-12,1190.8928
2023,11560,영등포구,13200,신길동,1,대지,0102,0008,우성4,69000,84,0,14,,,1991,아파트,직거래,,2023-12-23,2023-12,821.4286
2023,11440,마포구,10100,아현동,1,대지,0777,0000,마포래미안푸르지오1단지,137000,59,0,12,,,2014,아파트,직거래,,2023-12-23,2023-12,2322.034
2023,11710,송파구,10800,문정동,1,대지,0150,0000,올림픽훼밀리타운,166000,84,0,11,,,1988,아파트,중개거래,"서울 강남구, 서울 송파구",2023-12-23,2023-12,1976.1904
2023,11380,은평구,10700,응암동,1,대지,0767,0000,백련산에스케이뷰아이파크,75000,59,0,2,,,2020,아파트,중개거래,서울 은평구,2023-12-23,2023-12,1271.1864
2023,11620,관악구,10100,봉천동,1,대지,1700,0000,갑을,64000,59,0,12,,,1998,아파트,중개거래,서울 관악구,2023-12-22,2023-12,1084.7457
2023,11680,강남구,11800,도곡동,1,대지,0465,0000,우성4,320000,126,0,8,,,1985,아파트,중개거래,서울 강남구,2023-12-22,2023-12,2539.6826
2023,11710,송파구,10900,장지동,1,대지,0896,0000,위례중앙푸르지오2단지,166000,106,0,10,,,2016,아파트,중개거래,서울 송파구,2023-12-22,2023-12,1566.0377
2023,11170,용산구,12500,한강로2가,1,대지,0002,0011,한강로대우아이빌,36500,29,0,15,,20231229,2004,아파트,중개거래,서울 용산구,2023-12-22,2023-12,1258.6207
2023,11530,구로구,10800,오류동,1,대지,0034,0013,썬앤빌,8000,17,0,8,,,2014,아파트,직거래,,2023-12-22,2023-12,470.58823
2023,11650,서초구,10100,방배동,1,대지,0844,0027,롯데캐슬포레스트,450000,239,0,1,,,2003,아파트,중개거래,서울 서초구,2023-12-22,2023-12,1882.8452
2023,11710,송파구,10100,잠실동,1,대지,0022,0000,리센츠,228000,84,0,12,,,2008,아파트,중개거래,서울 송파구,2023-12-22,2023-12,2714.2856
2023,11290,성북구,13400,길음동,1,대지,1278,0000,길음동동부센트레빌(1278-0),80000,84,0,17,,,2003,아파트,중개거래,서울 성북구,2023-12-22,2023-12,952.381
2023,11350,노원구,10600,중계동,1,대지,0585,0000,중계3우성,51500,59,0,4,,,1999,아파트,중개거래,서울 노원구,2023-12-22,2023-12,872.88135
2023,11230,동대문구,10900,휘경동,1,대지,0057,0000,주공2,42500,39,0,11,,,2001,아파트,중개거래,서울 동대문구,2023-12-22,2023-12,1089.7435
2023,11560,영등포구,13300,대림동,1,대지,1123,0000,한솔솔파크,78000,84,0,15,,,2008,아파트,중개거래,"서울 강남구, 서울 영등포구",2023-12-22,2023-12,928.5714
2023,11590,동작구,10100,노량진동,1,대지,0057,0001,메가스터디타워,17500,16,0,10,,,2015,아파트,중개거래,서울 동작구,2023-12-22,2023-12,1093.75
2023,11620,관악구,10200,신림동,1,대지,0255,0189,현대,48000,71,0,2,,,1991,아파트,중개거래,서울 관악구,2023-12-22,2023-12,676.05634
2023,11680,강남구,10800,논현동,1,대지,0196,0000,거평프리젠,50000,42,0,5,,,1996,아파트,중개거래,서울 강남구,2023-12-22,2023-12,1190.4762
2023,11470,양천구,10300,신월동,1,대지,1017,0000,대방샤인힐,50500,72,0,5,,,2003,아파트,중개거래,서울 양천구,2023-12-22,2023-12,701.3889
2023,11260,중랑구,10100,면목동,1,대지,0581,0000,대원칸타빌,74500,105,0,1,,,2003,아파트,중개거래,"서울 노원구, 서울 중랑구",2023-12-22,2023-12,709.5238
2023,11680,강남구,10600,대치동,1,대지,1014,0003,대치삼성,271000,97,0,17,,,2000,아파트,중개거래,"서울 강남구, 서울 금천구",2023-12-22,2023-12,2793.8145
2023,11680,강남구,10500,삼성동,1,대지,0016,0002,삼성동힐스테이트 1단지,255000,84,0,3,,,2008,아파트,중개거래,서울 강남구,2023-12-22,2023-12,3035.7144
2023,11290,성북구,13700,상월곡동,1,대지,0101,0000,동아에코빌,65000,84,0,1,,,2003,아파트,중개거래,서울 성북구,2023-12-22,2023-12,773.8095
2023,11650,서초구,10300,우면동,1,대지,0773,0000,서초힐스,119000,59,0,15,,,2012,아파트,중개거래,서울 서초구,2023-12-22,2023-12,2016.9491
2023,11620,관악구,10100,봉천동,1,대지,1708,0000,두산,88000,59,0,13,,,2000,아파트,중개거래,서울 관악구,2023-12-22,2023-12,1491.5254
2023,11740,강동구,10900,천호동,1,대지,0414,0000,두산위브센티움,14800,31,0,7,,,2004,아파트,중개거래,서울 강동구,2023-12-22,2023-12,477.41934
2023,11215,광진구,10700,화양동,1,대지,0113,0001,광진코지웰,12500,15,0,4,,,2014,아파트,중개거래,서울 광진구,2023-12-22,2023-12,833.3333
2023,11440,마포구,10500,용강동,1,대지,0502,0000,래미안마포리버웰,170000,84,0,3,,,2015,아파트,중개거래,"서울 마포구, 서울 성동구",2023-12-22,2023-12,2023.8096
2023,11290,성북구,13600,하월곡동,1,대지,0225,0000,래미안월곡,86000,84,0,7,,,2006,아파트,중개거래,서울 성북구,2023-12-22,2023-12,1023.8095
2023,11650,서초구,10700,반포동,1,대지,0001,0001,래미안원베일리,280000,59,0,9,입주권,,0,아파트,중개거래,"서울 서초구, 서울 송파구",2023-12-21,2023-12,4745.7627
2023,11440,마포구,10200,공덕동,1,대지,0457,0000,공덕3삼성래미안,118000,59,0,3,,,2004,아파트,중개거래,서울 마포구,2023-12-21,2023-12,2000.0
2023,11500,강서구,10900,방화동,1,대지,0872,0000,마곡드림힐,65000,84,0,11,,,2003,아파트,직거래,,2023-12-21,2023-12,773.8095
2023,11740,강동구,10600,둔촌동,1,대지,0134,0010,신성둔촌미소지움2,99500,84,0,7,,,2000,아파트,중개거래,서울 강동구,2023-12-21,2023-12,1184.5238
2023,11230,동대문구,10900,휘경동,1,대지,0365,0000,휘경동일하이빌,62500,59,0,2,,,2005,아파트,중개거래,서울 동대문구,2023-12-21,2023-12,1059.322
2023,11680,강남구,10100,역삼동,1,대지,0727,0002,대명벨리온,17000,17,0,3,,20231228,2012,아파트,직거래,,2023-12-21,2023-12,1000.0
2023,11710,송파구,10800,문정동,1,대지,0150,0000,올림픽훼밀리타운,228000,158,0,12,,,1988,아파트,중개거래,서울 송파구,2023-12-21,2023-12,1443.038
2023,11560,영등포구,11700,당산동,1,대지,0374,0000,래미안당산1차,97000,59,0,14,,,1995,아파트,중개거래,서울 영등포구,2023-12-21,2023-12,1644.0677
2023,11740,강동구,10900,천호동,1,대지,0217,0132,동아하이빌아파트,74000,84,0,5,,,2000,아파트,중개거래,서울 강동구,2023-12-21,2023-12,880.9524
2023,11350,노원구,10300,공릉동,1,대지,0081,0000,태강아파트(아이파크),49950,49,0,7,,,1999,아파트,중개거래,서울 노원구,2023-12-21,2023-12,1019.38776
2023,11710,송파구,10300,풍납동,1,대지,0391,0000,극동,108000,79,0,10,,,1987,아파트,중개거래,서울 송파구,2023-12-21,2023-12,1367.0886
2023,11260,중랑구,10100,면목동,1,대지,1502,0000,현대,69000,84,0,14,,,1994,아파트,중개거래,"서울 광진구, 서울 중랑구",2023-12-21,2023-12,821.4286
2023,11470,양천구,10200,목동,1,대지,0966,0000,목동에버하임,44300,41,0,3,,,2019,아파트,중개거래,서울 강서구,2023-12-21,2023-12,1080.4878
2023,11350,노원구,10300,공릉동,1,대지,0753,0000,길성그랑프리텔아파트,55000,76,0,5,,,2003,아파트,중개거래,서울 노원구,2023-12-21,2023-12,723.6842
2023,11350,노원구,10400,하계동,1,대지,0284,0000,한신1,30000,27,0,14,,,1988,아파트,중개거래,서울 도봉구,2023-12-21,2023-12,1111.1111
2023,11320,도봉구,10700,창동,1,대지,0807,0000,쌍용,63000,59,0,23,,,1997,아파트,중개거래,서울 도봉구,2023-12-21,2023-12,1067.7966
2023,11380,은평구,10700,응암동,1,대지,0088,0008,응암아네스트,13000,13,0,16,,,2014,아파트,직거래,,2023-12-21,2023-12,1000.0
2023,11545,금천구,10100,가산동,1,대지,0148,0001,덕산,39000,59,0,11,,,1995,아파트,중개거래,서울 금천구,2023-12-21,2023-12,661.01697
2023,11260,중랑구,10200,상봉동,1,대지,0085,0004,더클래스,28000,28,0,9,,,2019,아파트,중개거래,서울 중랑구,2023-12-21,2023-12,1000.0
2023,11290,성북구,13600,하월곡동,1,대지,0225,0000,래미안월곡,76000,114,0,7,,,2006,아파트,직거래,,2023-12-21,2023-12,666.6667
2023,11680,강남구,10800,논현동,1,대지,0106,0000,펜트힐캐스케이드,148400,48,0,12,,,2023,아파트,직거래,,2023-12-21,2023-12,3091.6667
2023,11620,관악구,10100,봉천동,1,대지,0867,0009,서울대역해담채,14800,16,0,9,,,2012,아파트,중개거래,서울 관악구,2023-12-21,2023-12,925.0
2023,11530,구로구,10700,개봉동,1,대지,0481,0000,현대,71800,114,0,1,,,2001,아파트,중개거래,서울 구로구,2023-12-21,2023-12,629.8246
2023,11320,도봉구,10500,쌍문동,1,대지,0056,0000,삼익세라믹,28200,42,0,2,,,1988,아파트,중개거래,서울 도봉구,2023-12-20,2023-12,671.4286
2023,11410,서대문구,11100,홍제동,1,대지,0461,0000,홍제삼성래미안,65500,60,0,2,,,2001,아파트,중개거래,서울 서대문구,2023-12-20,2023-12,1091.6666
2023,11290,성북구,13800,장위동,1,대지,0317,0000,꿈의숲대명루첸아파트,70500,59,0,5,,,2008,아파트,중개거래,서울 성북구,2023-12-20,2023-12,1194.9153
2023,11350,노원구,10200,월계동,1,대지,0018,0000,한진한화그랑빌,71900,75,0,14,,,2002,아파트,중개거래,서울 노원구,2023-12-20,2023-12,958.6667
2023,11440,마포구,10200,공덕동,1,대지,0371,0000,공덕1삼성래미안,125000,84,0,3,,,1999,아파트,중개거래,서울 마포구,2023-12-20,2023-12,1488.0952
2023,11170,용산구,12900,이촌동,1,대지,0430,0000,LG한강자이,390000,171,0,9,,,2003,아파트,중개거래,서울 용산구,2023-12-20,2023-12,2280.7017
2023,11410,서대문구,11100,홍제동,1,대지,0463,0000,문화촌현대,66500,84,0,2,,,2002,아파트,중개거래,서울 서대문구,2023-12-20,2023-12,791.6667
2023,11500,강서구,10900,방화동,1,대지,0890,0000,마곡푸르지오,120000,114,0,11,,,2008,아파트,중개거래,서울 강서구,2023-12-20,2023-12,1052.6316
2023,11440,마포구,10100,아현동,1,대지,0275,0002,마포푸르지오더센트럴,68650,40,0,3,분양권,20231221,0,아파트,중개거래,서울 마포구,2023-12-20,2023-12,1716.25
2023,11500,강서구,10600,내발산동,1,대지,0698,0001,삼대,45000,84,0,4,,,2000,아파트,중개거래,"서울 강서구, 서울 양천구",2023-12-20,2023-12,535.7143
2023,11350,노원구,10600,중계동,1,대지,0103,0000,동진,24000,47,0,4,,,1988,아파트,중개거래,서울 노원구,2023-12-20,2023-12,510.6383
2023,11350,노원구,10300,공릉동,1,대지,0715,0000,시영3차(라이프)아파트,32000,34,0,3,,,1994,아파트,중개거래,서울 노원구,2023-12-20,2023-12,941.17645
2023,11170,용산구,11500,산천동,1,대지,0193,0000,리버힐삼성,90000,59,0,1,,,2001,아파트,중개거래,서울 용산구,2023-12-20,2023-12,1525.4237
2023,11305,강북구,10300,수유동,1,대지,0223,0007,예도팔라티움,17100,13,0,15,,,2020,아파트,직거래,,2023-12-20,2023-12,1315.3846
2023,11260,중랑구,10300,중화동,1,대지,0331,0001,리버센 SK VIEW 롯데캐슬,75250,59,0,4,분양권,,0,아파트,중개거래,서울 중랑구,2023-12-20,2023-12,1275.4237
2023,11440,마포구,10100,아현동,1,대지,0275,0002,마포푸르지오더센트럴,68150,40,0,3,분양권,,0,아파트,중개거래,서울 마포구,2023-12-20,2023-12,1703.75
2023,11320,도봉구,10700,창동,1,대지,0347,0000,창동주공3단지(해등마을),61000,59,0,6,,,1990,아파트,중개거래,서울 도봉구,2023-12-20,2023-12,1033.8983
2023,11470,양천구,10100,신정동,1,대지,0329,0000,목동신시가지14,186000,108,0,4,,,1987,아파트,중개거래,서울 양천구,2023-12-20,2023-12,1722.2222
2023,11305,강북구,10300,수유동,1,대지,0739,0000,북한산스카이뷰아파트,37500,56,0,2,,,2020,아파트,중개거래,서울 강북구,2023-12-20,2023-12,669.6429
2023,11545,금천구,10100,가산동,1,대지,0140,0009,가산지웰에스테이트,14000,16,0,8,,,2013,아파트,중개거래,경기 하남시,2023-12-20,2023-12,875.0
2023,11740,강동구,10600,둔촌동,1,대지,0603,0000,프라자,73000,109,0,8,,,1984,아파트,직거래,,2023-12-20,2023-12,669.7248
2023,11110,종로구,17500,숭인동,1,대지,1419,0002,에비뉴청계Ⅰ,23400,16,0,7,분양권,,0,아파트,중개거래,서울 종로구,2023-12-20,2023-12,1462.5
2023,11740,강동구,10800,성내동,1,대지,0606,0000,올림픽파크한양수자인,133000,84,0,7,,,2016,아파트,중개거래,서울 강동구,2023-12-20,2023-12,1583.3334
2023,11380,은평구,11400,진관동,1,대지,0060,0000,은평뉴타운솔하임,47500,45,0,3,,,2017,아파트,중개거래,"경기 고양덕양구, 서울 은평구",2023-12-20,2023-12,1055.5555
2023,11215,광진구,10700,화양동,1,대지,0113,0001,광진코지웰,13500,15,0,9,,,2014,아파트,중개거래,서울 광진구,2023-12-20,2023-12,900.0
2023,11710,송파구,10100,잠실동,1,대지,0019,0000,잠실엘스,227500,84,0,18,,,2008,아파트,중개거래,서울 송파구,2023-12-20,2023-12,2708.3333
2023,11230,동대문구,11000,이문동,1,대지,0064,0000,쌍용,74500,84,0,17,,20240119,2000,아파트,중개거래,서울 동대문구,2023-12-20,2023-12,886.9048
2023,11380,은평구,10500,구산동,1,대지,0548,0000,은평서해그랑블,55800,59,0,14,,,2022,아파트,중개거래,서울 은평구,2023-12-20,2023-12,945.7627
2023,11410,서대문구,11100,홍제동,1,대지,0461,0000,홍제삼성래미안,65500,60,0,2,,20240319,2001,아파트,중개거래,서울 서대문구,2023-12-20,2023-12,1091.6666
2023,11290,성북구,10800,동소문동5가,1,대지,0015,0000,성신여대역솔하임,23000,15,0,9,,,2018,아파트,중개거래,서울 성북구,2023-12-20,2023-12,1533.3334
2023,11380,은평구,10700,응암동,1,대지,0769,0000,녹번역e편한세상캐슬,110000,84,0,8,,,2021,아파트,중개거래,서울 은평구,2023-12-20,2023-12,1309.5238
2023,11260,중랑구,10500,망우동,1,대지,0575,0000,청광,41500,59,0,9,,,2001,아파트,중개거래,서울 중랑구,2023-12-20,2023-12,703.38983
2023,11230,동대문구,10500,답십리동,1,대지,0488,0018,센시티16,10800,14,0,7,,,2013,아파트,직거래,,2023-12-19,2023-12,771.4286
2023,11380,은평구,10900,신사동,1,대지,0297,0000,신사씨티,39400,58,0,18,,,1993,아파트,중개거래,서울 은평구,2023-12-19,2023-12,679.31036
2023,11440,마포구,10100,아현동,1,대지,0692,0000,서서울삼성,93000,84,0,20,,,1998,아파트,중개거래,서울 마포구,2023-12-19,2023-12,1107.1428
2023,11740,강동구,10100,명일동,1,대지,0359,0000,래미안솔베뉴,113500,59,0,15,,,2019,아파트,중개거래,서울 강동구,2023-12-19,2023-12,1923.7288
2023,11530,구로구,10700,개봉동,1,대지,0493,0000,한양아이클래스구로,37000,45,0,14,,,2018,아파트,중개거래,서울 구로구,2023-12-19,2023-12,822.2222
2023,11215,광진구,10400,광장동,1,대지,0577,0000,현대파크빌,111000,59,0,17,,,2000,아파트,중개거래,서울 광진구,2023-12-19,2023-12,1881.356
2023,11650,서초구,10800,서초동,1,대지,1682,0000,서초래미안,200000,84,0,11,,,2003,아파트,중개거래,서울 서초구,2023-12-19,2023-12,2380.9524
2023,11470,양천구,10100,신정동,1,대지,0312,0000,목동신시가지9,210500,126,0,1,,,1987,아파트,중개거래,서울 양천구,2023-12-19,2023-12,1670.6349
2023,11110,종로구,17500,숭인동,1,대지,0201,0011,종로유케이201,10400,12,0,9,,,2013,아파트,직거래,,2023-12-19,2023-12,866.6667
2023,11215,광진구,10900,군자동,1,대지,0360,0020,광진동양파라곤1단지,111000,127,0,16,,,2008,아파트,중개거래,서울 광진구,2023-12-19,2023-12,874.01575
2023,11740,강동구,10300,상일동,1,대지,0514,0000,고덕롯데캐슬베네루체,124500,84,0,28,,,2019,아파트,중개거래,서울 강동구,2023-12-19,2023-12,1482.1428
2023,11410,서대문구,11800,홍은동,1,대지,0455,0000,홍은동벽산,56000,84,0,1,,,1997,아파트,중개거래,서울 서대문구,2023-12-19,2023-12,666.6667
2023,11650,서초구,10100,방배동,1,대지,1344,0000,방배1차현대홈타운,145000,59,0,4,,,1999,아파트,중개거래,"서울 서초구, 서울 송파구",2023-12-19,2023-12,2457.6272
2023,11530,구로구,10700,개봉동,1,대지,0270,0080,거성,38500,79,0,3,,,1988,아파트,중개거래,서울 구로구,2023-12-19,2023-12,487.34177
2023,11650,서초구,10800,서초동,1,대지,1517,0006,상지리츠빌(10),252000,175,0,4,,,2005,아파트,중개거래,서울 서초구,2023-12-19,2023-12,1440.0
2023,11650,서초구,10800,서초동,1,대지,1511,0009,한성,125000,118,0,7,,,2003,아파트,중개거래,"서울 서초구, 서울 성동구",2023-12-19,2023-12,1059.322
2023,11710,송파구,11200,오금동,1,대지,0166,0000,상아1차아파트,128500,106,0,3,,,1984,아파트,중개거래,서울 송파구,2023-12-19,2023-12,1212.2642
2023,11290,성북구,13400,길음동,1,대지,0498,0000,래미안길음센터피스,135000,84,0,17,,,2019,아파트,중개거래,서울 성북구,2023-12-19,2023-12,1607.1428
2023,11710,송파구,11200,오금동,1,대지,0165,0000,상아2차아파트,94500,60,0,13,,,1988,아파트,중개거래,서울 송파구,2023-12-19,2023-12,1575.0
2023,11230,동대문구,10500,답십리동,1,대지,1014,0000,답십리파크자이,88500,59,0,5,,,2019,아파트,중개거래,"서울 동대문구, 서울 동작구",2023-12-19,2023-12,1500.0
2023,11350,노원구,10500,상계동,1,대지,0639,0000,보람아파트,44400,54,0,2,,,1988,아파트,중개거래,서울 노원구,2023-12-19,2023-12,822.2222
2023,11350,노원구,10200,월계동,1,대지,0923,0000,초안1,33200,49,0,1,,,1998,아파트,중개거래,서울 강북구,2023-12-19,2023-12,677.551
2023,11710,송파구,10100,잠실동,1,대지,0044,0000,레이크팰리스,172000,59,0,17,,,2006,아파트,중개거래,서울 송파구,2023-12-19,2023-12,2915.2542
2023,11230,동대문구,10900,휘경동,1,대지,0366,0000,동일스위트리버,71800,59,0,9,,,2007,아파트,중개거래,서울 동대문구,2023-12-19,2023-12,1216.9491
2023,11350,노원구,10600,중계동,1,대지,0359,0001,주공5,41000,44,0,2,,,1992,아파트,중개거래,서울 노원구,2023-12-19,2023-12,931.8182
2023,11470,양천구,10200,목동,1,대지,0901,0000,목동신시가지1,197000,99,0,2,,,1985,아파트,중개거래,서울 양천구,2023-12-19,2023-12,1989.899
2023,11410,서대문구,11800,홍은동,1,대지,0277,0104,Elleville,42500,161,0,5,,,2000,아파트,중개거래,경기 고양일산동구,2023-12-19,2023-12,263.97516
2023,11350,노원구,10300,공릉동,1,대지,0715,0000,시영3차(라이프)아파트,37750,39,0,6,,,1994,아파트,중개거래,서울 노원구,2023-12-19,2023-12,967.9487
2023,11710,송파구,10300,풍납동,1,대지,0512,0000,송파해모로아파트,99500,84,0,8,,,2006,아파트,중개거래,서울 송파구,2023-12-19,2023-12,1184.5238
2023,11380,은평구,11400,진관동,1,대지,0060,0000,은평뉴타운솔하임,54500,45,0,11,,,2017,아파트,중개거래,서울 은평구,2023-12-19,2023-12,1211.1111
2023,11680,강남구,10100,역삼동,1,대지,0720,0025,대우디오빌,37500,39,0,12,,,2002,아파트,중개거래,서울 강남구,2023-12-19,2023-12,961.53845
2023,11590,동작구,10800,대방동,1,대지,0515,0000,아데나339,12800,15,0,2,,,2012,아파트,중개거래,서울 동작구,2023-12-19,2023-12,853.3333
2023,11290,성북구,10300,돈암동,1,대지,0630,0000,동소문현대,60000,84,0,14,,,1994,아파트,중개거래,서울 성북구,2023-12-19,2023-12,714.2857
2023,11320,도봉구,10700,창동,1,대지,0347,0000,창동주공3단지(해등마을),55000,49,0,6,,,1990,아파트,중개거래,서울 도봉구,2023-12-19,2023-12,1122.449
2023,11680,강남구,10300,개포동,1,대지,0660,0001,디에이치 퍼스티어 아이파크,132700,35,0,14,분양권,20240110,0,아파트,중개거래,서울 강남구,2023-12-18,2023-12,3791.4285
2023,11500,강서구,10900,방화동,1,대지,0892,0000,마곡승윤노블리안아파트,42000,84,0,11,,20231222,2008,아파트,중개거래,경기 부천시,2023-12-18,2023-12,500.0
2023,11440,마포구,10100,아현동,1,대지,0275,0002,마포푸르지오더센트럴,69200,41,0,11,분양권,,0,아파트,중개거래,서울 마포구,2023-12-18,2023-12,1687.8049
2023,11200,성동구,11100,금호동3가,1,대지,1331,0000,두산,87500,59,0,15,,,1994,아파트,중개거래,서울 성동구,2023-12-18,2023-12,1483.0509
2023,11350,노원구,10500,상계동,1,대지,0694,0000,임광,90000,122,0,15,,,1989,아파트,중개거래,서울 노원구,2023-12-18,2023-12,737.7049
2023,11680,강남구,10300,개포동,1,대지,0660,0001,디에이치 퍼스티어 아이파크,350297,96,0,20,입주권,,0,아파트,중개거래,서울 강남구,2023-12-18,2023-12,3648.927
2023,11350,노원구,10300,공릉동,1,대지,0400,0008,신한양아파트,46000,83,0,2,,20240105,2002,아파트,중개거래,서울 노원구,2023-12-18,2023-12,554.21686
2023,11410,서대문구,12000,남가좌동,1,대지,0390,0000,래미안루센티아,124000,84,0,5,,,2020,아파트,중개거래,서울 서대문구,2023-12-18,2023-12,1476.1904
2023,11710,송파구,11100,방이동,1,대지,0089,0000,올림픽선수기자촌2단지,182000,83,0,13,,,1988,아파트,중개거래,서울 송파구,2023-12-18,2023-12,2192.771
2023,11470,양천구,10100,신정동,1,대지,0326,0000,목동신시가지12,81000,60,0,5,,,1988,아파트,직거래,,2023-12-18,2023-12,1350.0
2023,11410,서대문구,10900,현저동,1,대지,0200,0000,독립문극동(200-0),83500,59,0,13,,,1998,아파트,중개거래,서울 서대문구,2023-12-18,2023-12,1415.2543
2023,11140,중구,16200,신당동,1,대지,0857,0000,약수역더시티,25000,18,0,10,,,2021,아파트,직거래,,2023-12-18,2023-12,1388.8889
2023,11680,강남구,10500,삼성동,1,대지,0029,0011,SM드림빌,46000,52,0,1,,,2003,아파트,직거래,,2023-12-18,2023-12,884.61536
2023,11350,노원구,10200,월계동,1,대지,0951,0000,월계센트럴아이파크,90000,84,0,12,,,2020,아파트,중개거래,서울 노원구,2023-12-18,2023-12,1071.4286
2023,11140,중구,16200,신당동,1,대지,0843,0000,삼성,111500,114,0,12,,,1999,아파트,중개거래,서울 중구,2023-12-18,2023-12,978.0702
2023,11350,노원구,10600,중계동,1,대지,0505,0000,상아,49000,51,0,12,,,1989,아파트,중개거래,경기 파주시,2023-12-18,2023-12,960.7843
2023,11710,송파구,11100,방이동,1,대지,0089,0000,올림픽선수기자촌2단지,260000,135,0,5,,,1988,아파트,중개거래,서울 송파구,2023-12-18,2023-12,1925.9259
2023,11530,구로구,10700,개봉동,1,대지,0489,0000,개봉동현대아이파크,90000,84,0,10,,,2006,아파트,중개거래,서울 구로구,2023-12-18,2023-12,1071.4286
2023,11200,성동구,10900,금호동1가,1,대지,1500,0000,금호삼성래미안,103000,59,0,7,,,2001,아파트,중개거래,서울 성동구,2023-12-18,2023-12,1745.7627
2023,11215,광진구,10300,구의동,1,대지,0198,0005,강변아파트,19000,18,0,9,,,2004,아파트,중개거래,서울 강남구,2023-12-18,2023-12,1055.5555
2023,11650,서초구,10800,서초동,1,대지,1445,0014,더샵서초,61000,33,0,24,,,2006,아파트,중개거래,서울 서초구,2023-12-18,2023-12,1848.4849
2023,11680,강남구,10300,개포동,1,대지,0660,0001,디에이치 퍼스티어 아이파크,220198,59,0,28,입주권,,0,아파트,중개거래,서울 강남구,2023-12-18,2023-12,3732.1694
2023,11500,강서구,10300,화곡동,1,대지,1165,0000,강서힐스테이트,145000,128,0,15,,,2015,아파트,중개거래,서울 강서구,2023-12-18,2023-12,1132.8125
2023,11710,송파구,10200,신천동,1,대지,0007,0000,장미1,164000,71,0,13,,,1979,아파트,중개거래,서울 송파구,2023-12-18,2023-12,2309.8591
2023,11500,강서구,10900,방화동,1,대지,0898,0000,경동팰리스힐,10000,12,0,4,,,2014,아파트,직거래,,2023-12-18,2023-12,833.3333
2023,11740,강동구,10100,명일동,1,대지,0042,0000,명일우성,124000,84,0,12,,20240103,1986,아파트,중개거래,서울 강동구,2023-12-18,2023-12,1476.1904
2023,11620,관악구,10200,신림동,1,대지,1695,0000,동부,61000,60,0,14,,20240205,1993,아파트,중개거래,서울 관악구,2023-12-18,2023-12,1016.6667
2023,11200,성동구,10800,응봉동,1,대지,0097,0000,대림(2차),82300,59,0,6,,,1989,아파트,중개거래,서울 성동구,2023-12-18,2023-12,1394.9153
2023,11470,양천구,10200,목동,1,대지,0941,0000,대원칸타빌2,120000,103,0,2,,,2003,아파트,중개거래,서울 양천구,2023-12-18,2023-12,1165.0486
2023,11710,송파구,10100,잠실동,1,대지,0022,0000,리센츠,91500,27,0,27,,,2008,아파트,중개거래,서울 송파구,2023-12-18,2023-12,3388.889
2023,11350,노원구,10500,상계동,1,대지,0626,0000,상계주공14(고층),80000,90,0,2,,,1989,아파트,중개거래,"서울 노원구, 서울 용산구",2023-12-18,2023-12,888.8889
2023,11140,중구,16800,순화동,1,대지,0217,0000,덕수궁롯데캐슬,133000,69,0,3,,,2016,아파트,중개거래,서울 중구,2023-12-18,2023-12,1927.5363
2023,11230,동대문구,10300,제기동,1,대지,0153,0000,안암골벽산,93500,116,0,17,,,2003,아파트,중개거래,서울 동대문구,2023-12-18,2023-12,806.0345
2023,11260,중랑구,10600,신내동,1,대지,0661,0000,신내11대명,45000,59,0,3,,,1996,아파트,직거래,,2023-12-18,2023-12,762.71185
2023,11320,도봉구,10800,도봉동,1,대지,0030,0001,한신,60000,84,0,15,,,1995,아파트,중개거래,서울 도봉구,2023-12-18,2023-12,714.2857
2023,11650,서초구,10800,서초동,1,대지,1338,0001,풍림아이원플러스,27000,34,0,13,,,2004,아파트,중개거래,"서울 강남구, 서울 서초구",2023-12-18,2023-12,794.1177
2023,11710,송파구,10300,풍납동,1,대지,0511,0000,송파현대힐스테이트,138000,125,0,7,,,2006,아파트,중개거래,서울 송파구,2023-12-18,2023-12,1104.0
2023,11410,서대문구,11100,홍제동,1,대지,0373,0000,태영으뜸(데시앙),42000,52,0,2,,,1998,아파트,중개거래,서울 서대문구,2023-12-18,2023-12,807.6923
2023,11350,노원구,10300,공릉동,1,대지,0081,0000,태강아파트(아이파크),47000,49,0,7,,,1999,아파트,중개거래,서울 노원구,2023-12-18,2023-12,959.18365
2023,11350,노원구,10600,중계동,1,대지,0161,0001,중앙하이츠,57600,72,0,1,,,1998,아파트,중개거래,서울 노원구,2023-12-18,2023-12,800.0
2023,11500,강서구,10200,등촌동,1,대지,0707,0000,"등촌7,8단지주공아파트",38000,41,0,1,,,1994,아파트,직거래,,2023-12-18,2023-12,926.8293
2023,11740,강동구,10500,길동,1,대지,0365,0001,라인,55300,59,0,4,,,1998,아파트,중개거래,서울 강동구,2023-12-18,2023-12,937.28815
2023,11530,구로구,10700,개봉동,1,대지,0481,0000,현대,80000,84,0,21,,,2001,아파트,중개거래,서울 구로구,2023-12-18,2023-12,952.381
2023,11350,노원구,10500,상계동,1,대지,0626,0000,상계주공14(고층),42000,45,0,8,,,1989,아파트,직거래,,2023-12-18,2023-12,933.3333
2023,11350,노원구,10500,상계동,1,대지,0639,0000,보람2단지,57500,68,0,14,,,1988,아파트,중개거래,서울 노원구,2023-12-18,2023-12,845.58826
2023,11710,송파구,10200,신천동,1,대지,0017,0000,파크리오,171000,59,0,19,,,2008,아파트,중개거래,서울 송파구,2023-12-17,2023-12,2898.3052
2023,11200,성동구,10700,행당동,1,대지,0349,0000,서울숲 한신 더 휴,107000,59,0,15,,,2003,아파트,중개거래,서울 송파구,2023-12-17,2023-12,1813.5593
2023,11680,강남구,11000,압구정동,1,대지,0490,0000,한양1차(영동한양),350000,78,0,2,,,1977,아파트,중개거래,서울 강남구,2023-12-17,2023-12,4487.1797
2023,11470,양천구,10100,신정동,1,대지,0327,0000,목동신시가지13,182000,98,0,7,,,1987,아파트,중개거래,서울 양천구,2023-12-17,2023-12,1857.1428
2023,11470,양천구,10200,목동,1,대지,0926,0008,목동성원(926-8),100000,59,0,1,,,1997,아파트,중개거래,서울 양천구,2023-12-17,2023-12,1694.9153
2023,11470,양천구,10300,신월동,1,대지,1075,0000,목동센트럴아이파크위브1단지,87000,59,0,11,,,2020,아파트,중개거래,서울 양천구,2023-12-17,2023-12,1474.5763
2023,11470,양천구,10100,신정동,1,대지,0326,0000,목동신시가지12,142500,71,0,10,,,1988,아파트,중개거래,서울 양천구,2023-12-17,2023-12,2007.0422
2023,11500,강서구,10200,등촌동,1,대지,0688,0000,주공3,52900,37,0,8,,,1995,아파트,중개거래,서울 강서구,2023-12-17,2023-12,1429.7297
2023,11470,양천구,10100,신정동,1,대지,0327,0000,목동신시가지13,180500,98,0,3,,,1987,아파트,중개거래,서울 양천구,2023-12-17,2023-12,1841.8368
2023,11230,동대문구,10500,답십리동,1,대지,0042,0000,동답한신,36000,44,0,4,,,1992,아파트,중개거래,서울 동대문구,2023-12-17,2023-12,818.1818
2023,11110,종로구,17700,평동,1,대지,0233,0000,경희궁자이(3단지),148000,59,0,4,,,2017,아파트,중개거래,서울 종로구,2023-12-17,2023-12,2508.4746
2023,11230,동대문구,10500,답십리동,1,대지,1003,0000,래미안위브,119500,84,0,15,,,2014,아파트,중개거래,서울 동대문구,2023-12-17,2023-12,1422.619
2023,11590,동작구,10200,상도동,1,대지,0421,0000,삼성래미안2,92000,84,0,3,,20231222,2003,아파트,중개거래,서울 동작구,2023-12-16,2023-12,1095.238
2023,11710,송파구,10100,잠실동,1,대지,0022,0000,리센츠,197500,59,0,15,,,2008,아파트,중개거래,"경기 성남수정구, 서울 송파구",2023-12-16,2023-12,3347.4575
2023,11350,노원구,10600,중계동,1,대지,0360,0016,주공10,69800,58,0,3,,,1995,아파트,중개거래,서울 노원구,2023-12-16,2023-12,1203.4482
2023,11470,양천구,10200,목동,1,대지,0912,0000,목동신시가지5,230000,95,0,4,,,1986,아파트,중개거래,서울 양천구,2023-12-16,2023-12,2421.0527
2023,11440,마포구,12500,성산동,1,대지,0446,0000,성산시영(대우),86500,50,0,14,,,1986,아파트,중개거래,서울 마포구,2023-12-16,2023-12,1730.0
2023,11200,성동구,11000,금호동2가,1,대지,0001,0000,신금호파크자이,123000,59,0,6,,,2016,아파트,중개거래,서울 성동구,2023-12-16,2023-12,2084.7458
2023,11200,성동구,10700,행당동,1,대지,0347,0000,대림e-편한세상,145500,114,0,6,,,2000,아파트,중개거래,서울 성동구,2023-12-16,2023-12,1276.3158
2023,11440,마포구,10900,염리동,1,대지,0532,0000,마포프레스티지자이,190000,84,0,11,,,2021,아파트,중개거래,"서울 마포구, 서울 서대문구",2023-12-16,2023-12,2261.9048
2023,11290,성북구,10300,돈암동,1,대지,0609,0001,한신,57000,68,0,14,,,1998,아파트,중개거래,서울 성북구,2023-12-16,2023-12,838.2353
2023,11740,강동구,10600,둔촌동,1,대지,0170,0001,올림픽파크 포레온,193354,84,0,22,입주권,,0,아파트,중개거래,서울 강동구,2023-12-16,2023-12,2301.8333
2023,11545,금천구,10300,시흥동,1,대지,0005,0013,삼익,42700,59,0,15,,,1999,아파트,중개거래,서울 금천구,2023-12-16,2023-12,723.7288
2023,11290,성북구,10300,돈암동,1,대지,0636,0000,이수브라운스톤돈암,83000,84,0,12,,,2004,아파트,중개거래,서울 성북구,2023-12-16,2023-12,988.0952
2023,11200,성동구,11200,금호동4가,1,대지,0340,0000,서울숲푸르지오,215000,114,0,10,,,2007,아파트,중개거래,"서울 강남구, 서울 성동구",2023-12-16,2023-12,1885.965
2023,11530,구로구,10200,구로동,1,대지,0685,0222,주공1,82000,84,0,12,,,1986,아파트,중개거래,서울 구로구,2023-12-16,2023-12,976.1905
2023,11710,송파구,10400,송파동,1,대지,0243,0000,래미안송파파인탑,130000,53,0,9,,,2012,아파트,중개거래,서울 송파구,2023-12-16,2023-12,2452.83
2023,11590,동작구,10100,노량진동,1,대지,0323,0000,우성,110000,124,0,15,,,1997,아파트,중개거래,서울 동작구,2023-12-16,2023-12,887.0968
2023,11590,동작구,10800,대방동,1,대지,0502,0000,대방동현대,82500,59,0,21,,,1994,아파트,중개거래,서울 동작구,2023-12-16,2023-12,1398.305
2023,11530,구로구,10700,개봉동,1,대지,0477,0000,대상,51000,84,0,4,,,1999,아파트,중개거래,서울 구로구,2023-12-16,2023-12,607.1429
2023,11260,중랑구,10100,면목동,1,대지,1510,0000,두산2,96000,134,0,23,,,1995,아파트,중개거래,서울 중랑구,2023-12-16,2023-12,716.4179
2023,11470,양천구,10200,목동,1,대지,0903,0000,목동신시가지3,150000,64,0,12,,,1986,아파트,중개거래,서울 양천구,2023-12-16,2023-12,2343.75
2023,11140,중구,16200,신당동,1,대지,0842,0000,약수하이츠,119000,84,0,14,,,1999,아파트,중개거래,서울 중구,2023-12-16,2023-12,1416.6666
2023,11740,강동구,10600,둔촌동,1,대지,0630,0000,둔촌푸르지오,141200,113,0,19,,,2010,아파트,중개거래,서울 강동구,2023-12-16,2023-12,1249.5575
2023,11410,서대문구,11900,북가좌동,1,대지,0481,0000,DMC래미안e편한세상,107000,84,0,2,,,2012,아파트,중개거래,서울 서대문구,2023-12-16,2023-12,1273.8096
2023,11500,강서구,10200,등촌동,1,대지,0632,0002,태영,60000,59,0,10,,,1998,아파트,중개거래,서울 강서구,2023-12-16,2023-12,1016.94916
2023,11440,마포구,12500,성산동,1,대지,0214,0070,엘지(214-70),63000,92,0,5,,,2003,아파트,중개거래,서울 마포구,2023-12-16,2023-12,684.7826
2023,11710,송파구,10200,신천동,1,대지,0017,0000,파크리오,196000,84,0,9,,,2008,아파트,중개거래,서울 송파구,2023-12-16,2023-12,2333.3333
2023,11710,송파구,10700,가락동,1,대지,0140,0000,가락(1차)쌍용아파트,134000,84,0,10,,,1997,아파트,중개거래,서울 송파구,2023-12-16,2023-12,1595.238
2023,11560,영등포구,13300,대림동,1,대지,0946,0001,대림현대,75500,84,0,15,,,1999,아파트,중개거래,서울 영등포구,2023-12-16,2023-12,898.8095
2023,11530,구로구,10200,구로동,1,대지,0256,0001,삼성래미안,83800,78,0,21,,,2004,아파트,중개거래,서울 구로구,2023-12-16,2023-12,1074.359
2023,11260,중랑구,10100,면목동,1,대지,1521,0000,두원,50500,59,0,3,,,1998,아파트,중개거래,서울 중랑구,2023-12-16,2023-12,855.9322
2023,11680,강남구,11400,일원동,1,대지,0711,0000,수서,112000,59,0,6,,,1992,아파트,중개거래,서울 강남구,2023-12-16,2023-12,1898.305
2023,11260,중랑구,10600,신내동,1,대지,0657,0000,신내9진흥,29900,33,0,6,,,1996,아파트,중개거래,서울 중랑구,2023-12-16,2023-12,906.0606
2023,11260,중랑구,10300,중화동,1,대지,0331,0001,리버센 SK VIEW 롯데캐슬,78529,59,0,5,분양권,,0,아파트,중개거래,서울 영등포구,2023-12-16,2023-12,1331.0
2023,11200,성동구,10700,행당동,1,대지,0376,0000,서울숲행당푸르지오,107000,59,0,9,,,2011,아파트,중개거래,서울 성동구,2023-12-16,2023-12,1813.5593
2023,11200,성동구,10200,하왕십리동,1,대지,1052,0000,금호베스트빌,76000,59,0,9,,,2001,아파트,중개거래,"서울 성동구, 서울 중구",2023-12-16,2023-12,1288.1356
2023,11380,은평구,10900,신사동,1,대지,0367,0000,이랜드타운아파트,59000,84,0,12,,,2004,아파트,중개거래,서울 은평구,2023-12-16,2023-12,702.381
2023,11560,영등포구,13300,대림동,1,대지,0608,0001,현대3차,52800,43,0,3,,,1997,아파트,중개거래,서울 영등포구,2023-12-16,2023-12,1227.907
2023,11290,성북구,13600,하월곡동,1,대지,0222,0000,월곡두산위브,86500,114,0,4,,,2003,아파트,중개거래,서울 성북구,2023-12-16,2023-12,758.7719
2023,11410,서대문구,11800,홍은동,1,대지,0013,0025,북한산두산위브2차,64800,59,0,6,,,2021,아파트,중개거래,서울 서대문구,2023-12-16,2023-12,1098.305
2023,11440,마포구,10900,염리동,1,대지,0532,0000,마포프레스티지자이,140500,59,0,14,,,2021,아파트,중개거래,"서울 마포구, 서울 서대문구",2023-12-16,2023-12,2381.356
2023,11500,강서구,10200,등촌동,1,대지,0715,0000,등촌동아이파크,94000,119,0,1,,,2004,아파트,중개거래,서울 양천구,2023-12-16,2023-12,789.91595
2023,11590,동작구,10700,사당동,1,대지,1159,0000,래미안로이파크,145000,84,0,16,,,2018,아파트,중개거래,서울 동작구,2023-12-16,2023-12,1726.1904
2023,11380,은평구,10300,불광동,1,대지,0248,0000,라이프미성,100000,125,0,11,,20231229,1988,아파트,중개거래,서울 은평구,2023-12-16,2023-12,800.0
2023,11290,성북구,11400,삼선동4가,1,대지,0073,0000,코오롱,86000,84,0,9,,,1999,아파트,중개거래,서울 성북구,2023-12-16,2023-12,1023.8095
2023,11590,동작구,10900,신대방동,1,대지,0724,0000,보라매자이더포레스트,104500,59,0,8,,,2021,아파트,중개거래,서울 동작구,2023-12-16,2023-12,1771.1864
2023,11710,송파구,11200,오금동,1,대지,0043,0000,현대(2-4차),207000,170,0,5,,,1984,아파트,중개거래,서울 송파구,2023-12-16,2023-12,1217.6471
2023,11140,중구,16500,황학동,1,대지,2545,0000,롯데캐슬,84500,59,0,18,,,2008,아파트,중개거래,서울 중구,2023-12-16,2023-12,1432.2034
2023,11530,구로구,10200,구로동,1,대지,1284,0000,우성에비뉴,55000,84,0,7,,,2008,아파트,중개거래,서울 영등포구,2023-12-16,2023-12,654.7619
2023,11350,노원구,10300,공릉동,1,대지,0758,0000,태릉해링턴플레이스,74000,59,0,2,,,2022,아파트,중개거래,서울 노원구,2023-12-16,2023-12,1254.2373
2023,11710,송파구,10700,가락동,1,대지,0913,0000,헬리오시티,174200,59,0,15,,,2018,아파트,중개거래,서울 송파구,2023-12-16,2023-12,2952.5425
2023,11590,동작구,10200,상도동,1,대지,0421,0000,삼성래미안2,92000,84,0,3,,,2003,아파트,중개거래,서울 동작구,2023-12-16,2023-12,1095.238
2023,11260,중랑구,10600,신내동,1,대지,0657,0000,신내9진흥,31000,39,0,2,,,1996,아파트,중개거래,서울 중랑구,2023-12-16,2023-12,794.87177
2023,11380,은평구,10700,응암동,1,대지,0767,0000,백련산에스케이뷰아이파크,94500,84,0,15,,,2020,아파트,중개거래,서울 은평구,2023-12-16,2023-12,1125.0
2023,11470,양천구,10100,신정동,1,대지,1198,0003,대성유니드2차,49500,59,0,6,,,2004,아파트,중개거래,서울 양천구,2023-12-16,2023-12,838.98303
2023,11740,강동구,10200,고덕동,1,대지,0693,0000,고덕그라시움,129000,59,0,14,,,2019,아파트,중개거래,서울 강동구,2023-12-15,2023-12,2186.4407
2023,11530,구로구,10200,구로동,1,대지,0642,0009,한신,30500,35,0,1,,,1988,아파트,중개거래,서울 구로구,2023-12-15,2023-12,871.4286
2023,11110,종로구,17400,창신동,1,대지,0023,0076,브라운스톤창신,80150,84,0,4,,,2006,아파트,중개거래,"서울 동대문구, 서울 종로구",2023-12-15,2023-12,954.1667
2023,11620,관악구,10200,신림동,1,대지,1738,0000,파로스프라자,51500,84,0,3,,,2009,아파트,중개거래,서울 관악구,2023-12-15,2023-12,613.0952
2023,11380,은평구,11400,진관동,1,대지,0002,0000,상림마을6단지푸르지오(606~614동)BL1-7,83000,101,0,7,,,2008,아파트,중개거래,서울 은평구,2023-12-15,2023-12,821.78217
2023,11200,성동구,11100,금호동3가,1,대지,0917,0000,금호1차푸르지오,96000,59,0,11,,20240206,2005,아파트,중개거래,서울 성동구,2023-12-15,2023-12,1627.1187
2023,11170,용산구,12900,이촌동,1,대지,0430,0000,LG한강자이,545000,210,0,14,,,2003,아파트,중개거래,서울 용산구,2023-12-15,2023-12,2595.238
2023,11380,은평구,11400,진관동,1,대지,0065,0000,은평뉴타운엘크루,68500,59,0,13,,,2017,아파트,중개거래,서울 은평구,2023-12-15,2023-12,1161.017
2023,11590,동작구,10700,사당동,1,대지,1154,0000,사당휴먼시아,86000,84,0,4,,,2009,아파트,중개거래,,2023-12-15,2023-12,1023.8095
2023,11710,송파구,11300,거여동,1,대지,0697,0000,송파시그니처롯데캐슬,120000,59,0,31,,,2021,아파트,중개거래,"서울 강남구, 서울 송파구",2023-12-15,2023-12,2033.8983
2023,11230,동대문구,10500,답십리동,1,대지,1013,0000,래미안미드카운티,120000,84,0,14,,,2019,아파트,중개거래,서울 동대문구,2023-12-15,2023-12,1428.5714
2023,11560,영등포구,12400,문래동6가,1,대지,0038,0001,문래베어스타운,65000,59,0,7,,,1997,아파트,중개거래,서울 영등포구,2023-12-15,2023-12,1101.695
2023,11305,강북구,10100,미아동,1,대지,1353,0000,에스케이북한산시티,60500,59,0,15,,,2004,아파트,중개거래,서울 강북구,2023-12-15,2023-12,1025.4237
2023,11710,송파구,10400,송파동,1,대지,0151,0000,2차한양아파트,135000,84,0,5,,,1984,아파트,중개거래,서울 송파구,2023-12-15,2023-12,1607.1428
2023,11710,송파구,10700,가락동,1,대지,0913,0000,헬리오시티,190000,84,0,18,,,2018,아파트,중개거래,서울 송파구,2023-12-15,2023-12,2261.9048
2023,11200,성동구,10200,하왕십리동,1,대지,1052,0000,금호베스트빌,90000,84,0,6,,,2001,아파트,중개거래,"서울 성동구, 서울 중구",2023-12-15,2023-12,1071.4286
2023,11560,영등포구,11400,당산동4가,1,대지,0030,0001,당산현대5차,97500,59,0,19,,,2000,아파트,중개거래,"서울 강서구, 서울 영등포구",2023-12-15,2023-12,1652.5424
2023,11200,성동구,11100,금호동3가,1,대지,0917,0000,금호1차푸르지오,96000,59,0,11,,,2005,아파트,중개거래,서울 성동구,2023-12-15,2023-12,1627.1187
2023,11410,서대문구,12000,남가좌동,1,대지,0381,0000,DMC센트레빌,86000,59,0,9,,,2009,아파트,중개거래,서울 서대문구,2023-12-15,2023-12,1457.6271
2023,11320,도봉구,10600,방학동,1,대지,0636,0000,송학휴스테이,32700,51,0,5,,,2016,아파트,중개거래,서울 도봉구,2023-12-15,2023-12,641.17645
2023,11530,구로구,10600,고척동,1,대지,0141,0001,서울가든,63000,84,0,6,,,1989,아파트,중개거래,서울 구로구,2023-12-15,2023-12,750.0
2023,11740,강동구,10500,길동,1,대지,0415,0016,청광플러스원큐브3차,11700,13,0,13,,,2014,아파트,직거래,,2023-12-15,2023-12,900.0
2023,11470,양천구,10200,목동,1,대지,0709,0002,성원2,73500,77,0,3,,,2000,아파트,중개거래,서울 양천구,2023-12-15,2023-12,954.5455
2023,11740,강동구,10300,상일동,1,대지,0514,0000,고덕롯데캐슬베네루체,127000,84,0,21,,,2019,아파트,중개거래,서울 강동구,2023-12-15,2023-12,1511.9048
2023,11170,용산구,11900,효창동,1,대지,0288,0000,용산데시앙포레,139000,85,0,4,,,2022,아파트,중개거래,서울 용산구,2023-12-15,2023-12,1635.2941
2023,11380,은평구,11400,진관동,1,대지,0014,0000,상림마을8단지롯데캐슬(801~809동)BL1-2,71700,59,0,3,,,2008,아파트,중개거래,서울 은평구,2023-12-15,2023-12,1215.2543
2023,11410,서대문구,11100,홍제동,1,대지,0453,0000,청구1차,85000,84,0,6,,,1994,아파트,중개거래,서울 서대문구,2023-12-15,2023-12,1011.9048
2023,11710,송파구,10100,잠실동,1,대지,0022,0000,리센츠,235000,84,0,13,,,2008,아파트,중개거래,서울 송파구,2023-12-15,2023-12,2797.6191
2023,11290,성북구,10300,돈암동,1,대지,0609,0001,한신,60000,68,0,14,,,1998,아파트,중개거래,서울 성북구,2023-12-15,2023-12,882.35297
2023,11500,강서구,10600,내발산동,1,대지,0756,0000,마곡수명산파크7단지,80000,84,0,12,,,2008,아파트,중개거래,서울 강서구,2023-12-15,2023-12,952.381
2023,11410,서대문구,12000,남가좌동,1,대지,0381,0000,DMC센트레빌,86000,59,0,9,,20231229,2009,아파트,중개거래,서울 서대문구,2023-12-15,2023-12,1457.6271
2023,11680,강남구,10400,청담동,1,대지,0034,0013,청담스위트,23100,13,0,5,,,2015,아파트,중개거래,서울 강남구,2023-12-15,2023-12,1776.9231
2023,11350,노원구,10400,하계동,1,대지,0284,0000,청구,79000,84,0,7,,,1988,아파트,중개거래,서울 노원구,2023-12-15,2023-12,940.4762
2023,11710,송파구,10100,잠실동,1,대지,0086,0000,아시아선수촌아파트,431000,178,0,2,,,1986,아파트,중개거래,서울 송파구,2023-12-15,2023-12,2421.3484
2023,11590,동작구,10500,흑석동,1,대지,0336,0000,흑석한강푸르지오,135000,84,0,8,,,2012,아파트,중개거래,서울 동작구,2023-12-15,2023-12,1607.1428
2023,11620,관악구,10200,신림동,1,대지,1425,0004,코스모그린,11260,12,0,5,,,2012,아파트,직거래,,2023-12-15,2023-12,938.3333
2023,11590,동작구,10100,노량진동,1,대지,0057,0001,메가스터디타워,15200,15,0,13,,,2015,아파트,중개거래,서울 동작구,2023-12-15,2023-12,1013.3333
2023,11410,서대문구,11900,북가좌동,1,대지,0431,0000,DMC한양,72000,65,0,12,,,1987,아파트,중개거래,서울 서대문구,2023-12-15,2023-12,1107.6923
2023,11650,서초구,10100,방배동,1,대지,0012,0036,라온채,275000,189,0,1,,,2008,아파트,중개거래,서울 서초구,2023-12-15,2023-12,1455.0265
2023,11530,구로구,10200,구로동,1,대지,0685,0147,현대상선,50000,64,0,3,,,1987,아파트,중개거래,서울 구로구,2023-12-14,2023-12,781.25
2023,11260,중랑구,10100,면목동,1,대지,1522,0001,두산5,77000,84,0,8,,,2000,아파트,중개거래,서울 중랑구,2023-12-14,2023-12,916.6667
2024,11230,동대문구,10500,답십리동,1,대지,0994,0000,답십리한화,91500,84,0,13,,,2001,아파트,중개거래,서울 동대문구,2024-12-31,2024-12,1089.2858
2024,11710,송파구,10100,잠실동,1,대지,0022,0000,리센츠,261500,84,0,18,,20250116,2008,아파트,중개거래,서울 송파구,2024-12-31,2024-12,3113.0952
2024,11620,관악구,10100,봉천동,1,대지,1712,0000,관악드림(삼성),82000,60,0,19,,,2003,아파트,중개거래,서울 관악구,2024-12-31,2024-12,1366.6666
2024,11350,노원구,10500,상계동,1,대지,1285,0000,동아불암,70000,114,0,4,,,1999,아파트,중개거래,서울 노원구,2024-12-31,2024-12,614.0351
2024,11260,중랑구,10200,상봉동,1,대지,0001,0000,건영1,71800,84,0,9,,20241231,1997,아파트,중개거래,서울 중랑구,2024-12-30,2024-12,854.7619
2024,11545,금천구,10300,시흥동,1,대지,0806,0000,시흥동월드메르디앙,35000,59,0,1,,,2006,아파트,직거래,,2024-12-30,2024-12,593.22034
2024,11440,마포구,12500,성산동,1,대지,0013,0021,예림아너스,56500,66,0,5,,,2006,아파트,중개거래,서울 마포구,2024-12-30,2024-12,856.0606
2024,11140,중구,16700,정동,1,대지,0037,0000,삼정아트테라스정동,33000,18,0,6,,,2020,아파트,중개거래,서울 종로구,2024-12-30,2024-12,1833.3334
2024,11350,노원구,10200,월계동,1,대지,0012,0000,삼호4,60000,50,0,12,,,1987,아파트,중개거래,서울 노원구,2024-12-30,2024-12,1200.0
2024,11740,강동구,10900,천호동,1,대지,0571,0000,래미안강동팰리스,145000,84,0,35,,,2017,아파트,중개거래,서울 강동구,2024-12-30,2024-12,1726.1904
2024,11260,중랑구,10200,상봉동,1,대지,0001,0000,건영1,71800,84,0,9,,,1997,아파트,중개거래,서울 중랑구,2024-12-30,2024-12,854.7619
2024,11620,관악구,10100,봉천동,1,대지,1720,0000,벽산블루밍3차,80500,84,0,13,,,2004,아파트,중개거래,서울 관악구,2024-12-30,2024-12,958.3333
2024,11710,송파구,10800,문정동,1,대지,0145,0000,문정시영,61500,39,0,1,,,1989,아파트,중개거래,서울 송파구,2024-12-30,2024-12,1576.9231
2024,11470,양천구,10200,목동,1,대지,0911,0000,목동신시가지6,265000,115,0,5,,,1986,아파트,중개거래,서울 양천구,2024-12-30,2024-12,2304.348
2024,11350,노원구,10400,하계동,1,대지,0354,0000,학여울청구,87000,113,0,2,,,1999,아파트,중개거래,서울 노원구,2024-12-30,2024-12,769.9115
2024,11290,성북구,10300,돈암동,1,대지,0636,0000,이수브라운스톤돈암,70500,59,0,7,,,2004,아파트,중개거래,서울 성북구,2024-12-29,2024-12,1194.9153
2024,11710,송파구,10700,가락동,1,대지,0021,0006,가락쌍용(2차),107500,59,0,10,,,1999,아파트,중개거래,서울 송파구,2024-12-29,2024-12,1822.0339
2024,11710,송파구,11200,오금동,1,대지,0619,0000,송파호반베르디움더퍼스트,132000,101,0,5,,,2018,아파트,중개거래,서울 송파구,2024-12-28,2024-12,1306.9307
2024,11560,영등포구,12400,문래동6가,1,대지,0055,0001,현대6차,65000,50,0,4,,,1997,아파트,중개거래,서울 영등포구,2024-12-28,2024-12,1300.0
2024,11710,송파구,10300,풍납동,1,대지,0511,0000,송파현대힐스테이트,118500,84,0,10,,,2006,아파트,중개거래,"서울 성동구, 서울 송파구",2024-12-28,2024-12,1410.7142
2024,11170,용산구,13100,한남동,1,대지,0807,0000,한남힐스테이트,181500,84,0,6,,,2003,아파트,중개거래,서울 용산구,2024-12-28,2024-12,2160.7144
2024,11590,동작구,10700,사당동,1,대지,1136,0000,경남아너스빌(대아3),66000,42,0,11,,,1998,아파트,중개거래,서울 동작구,2024-12-28,2024-12,1571.4286
2024,11590,동작구,10200,상도동,1,대지,0414,0000,건영,104000,114,0,1,,,1997,아파트,중개거래,서울 동작구,2024-12-28,2024-12,912.2807
2024,11350,노원구,10400,하계동,1,대지,0354,0000,학여울청구,53800,59,0,1,,,1999,아파트,중개거래,서울 노원구,2024-12-28,2024-12,911.8644
2024,11260,중랑구,10100,면목동,1,대지,0715,0000,늘푸른동아,71300,84,0,19,,,2002,아파트,중개거래,서울 중랑구,2024-12-28,2024-12,848.8095
2024,11320,도봉구,10800,도봉동,1,대지,0030,0001,한신,59500,84,0,7,,,1995,아파트,중개거래,서울 도봉구,2024-12-28,2024-12,708.3333
2024,11320,도봉구,10800,도봉동,1,대지,0656,0000,양우내안애,56500,84,0,4,,20250103,2005,아파트,중개거래,서울 도봉구,2024-12-28,2024-12,672.619
2024,11740,강동구,10600,둔촌동,1,대지,0170,0001,올림픽파크 포레온,494000,167,0,35,입주권,,0,아파트,중개거래,서울 강동구,2024-12-28,2024-12,2958.0837
2024,11590,동작구,10500,흑석동,1,대지,0329,0000,우리유앤미,86000,59,0,8,,,2003,아파트,중개거래,서울 동작구,2024-12-28,2024-12,1457.6271
2024,11740,강동구,10200,고덕동,1,대지,0693,0000,고덕그라시움,148000,59,0,4,,,2019,아파트,중개거래,서울 강동구,2024-12-28,2024-12,2508.4746
2024,11350,노원구,10400,하계동,1,대지,0273,0000,장미(시영6),41000,39,0,6,,,1989,아파트,중개거래,서울 노원구,2024-12-28,2024-12,1051.2821
2024,11170,용산구,10100,후암동,1,대지,0423,0001,후암미주,89500,63,0,1,,,1980,아파트,중개거래,서울 용산구,2024-12-28,2024-12,1420.6349
2024,11260,중랑구,10100,면목동,1,대지,1505,0000,리치카운티,71000,84,0,6,,20250324,2004,아파트,중개거래,서울 중랑구,2024-12-28,2024-12,845.2381
2024,11320,도봉구,10700,창동,1,대지,0347,0000,창동주공3단지(해등마을),62100,61,0,14,,,1990,아파트,중개거래,서울 도봉구,2024-12-28,2024-12,1018.0328
2024,11470,양천구,10200,목동,1,대지,0966,0000,목동에버하임,39000,39,0,7,,,2019,아파트,중개거래,서울 강서구,2024-12-28,2024-12,1000.0
2024,11215,광진구,10700,화양동,1,대지,0530,0000,씨즈건대힐스,16000,14,0,2,,,2017,아파트,중개거래,서울 광진구,2024-12-28,2024-12,1142.8572
2024,11290,성북구,13300,정릉동,1,대지,1017,0000,쌍용2,48700,59,0,4,,,1999,아파트,중개거래,서울 성북구,2024-12-28,2024-12,825.4237
2024,11710,송파구,10200,신천동,1,대지,0007,0000,장미1,209000,71,0,1,,,1979,아파트,중개거래,서울 송파구,2024-12-28,2024-12,2943.6619
2024,11260,중랑구,10100,면목동,1,대지,1505,0000,리치카운티,71000,84,0,6,,,2004,아파트,중개거래,서울 중랑구,2024-12-28,2024-12,845.2381
2024,11260,중랑구,10200,상봉동,1,대지,0484,0000,"엘지,쌍용아파트",59500,68,0,9,,,1996,아파트,중개거래,서울 중랑구,2024-12-28,2024-12,875.0
2024,11530,구로구,10800,오류동,1,대지,0334,0000,라인,55750,84,0,15,,,1995,아파트,중개거래,서울 구로구,2024-12-28,2024-12,663.6905
2024,11230,동대문구,10900,휘경동,1,대지,0057,0000,주공2,49000,39,0,6,,,2001,아파트,중개거래,서울 동대문구,2024-12-28,2024-12,1256.4103
2024,11710,송파구,10700,가락동,1,대지,0140,0000,가락(1차)쌍용아파트,128000,59,0,13,,,1997,아파트,중개거래,서울 송파구,2024-12-28,2024-12,2169.4915
2024,11380,은평구,10300,불광동,1,대지,0281,0089,디앤제이하우징(281-89),28400,24,0,7,,,2022,아파트,직거래,,2024-12-28,2024-12,1183.3334
2024,11440,마포구,12500,성산동,1,대지,0600,0000,성사1차풍림아파트101동,65000,59,0,14,,,2000,아파트,중개거래,서울 마포구,2024-12-28,2024-12,1101.695
2024,11680,강남구,10800,논현동,1,대지,0058,0002,마일스디오빌,39800,36,0,6,,,2004,아파트,중개거래,"서울 강남구, 서울 광진구",2024-12-27,2024-12,1105.5555
2024,11440,마포구,10900,염리동,1,대지,0533,0000,마포자이더센트리지(102동~112동),174000,84,0,6,,,2022,아파트,중개거래,서울 서대문구,2024-12-27,2024-12,2071.4285
2024,11440,마포구,11100,신수동,1,대지,0456,0000,마포경남아너스빌,115000,84,0,3,,,2007,아파트,중개거래,서울 마포구,2024-12-27,2024-12,1369.0476
2024,11440,마포구,11700,신정동,1,대지,0030,0000,서강GS,93000,59,0,5,,20241227,1999,아파트,직거래,,2024-12-27,2024-12,1576.2712
2024,11440,마포구,11700,신정동,1,대지,0030,0000,서강GS,93000,59,0,5,,,1999,아파트,중개거래,서울 양천구,2024-12-27,2024-12,1576.2712
2024,11680,강남구,10800,논현동,1,대지,0276,0001,아크로힐스논현,240000,84,0,27,,,2014,아파트,중개거래,서울 강남구,2024-12-27,2024-12,2857.1428
2024,11560,영등포구,11400,당산동4가,1,대지,0029,0000,한강아파트,88000,59,0,9,,,1999,아파트,중개거래,서울 영등포구,2024-12-27,2024-12,1491.5254
2024,11560,영등포구,10300,영등포동2가,1,대지,0139,0000,여의도리미티오148,31500,24,0,17,,,2022,아파트,중개거래,서울 영등포구,2024-12-27,2024-12,1312.5
2024,11260,중랑구,10400,묵동,1,대지,0245,0064,우성,29000,48,0,4,,,1975,아파트,중개거래,서울 중랑구,2024-12-27,2024-12,604.1667
2024,11230,동대문구,10600,장안동,1,대지,0373,0003,현대썬앤빌601,10450,18,0,16,,,2015,아파트,중개거래,서울 동대문구,2024-12-27,2024-12,580.55554
2024,11710,송파구,10900,장지동,1,대지,0849,0000,송파파인타운3단지,119500,84,0,2,,,2008,아파트,중개거래,서울 송파구,2024-12-27,2024-12,1422.619
2024,11230,동대문구,10600,장안동,1,대지,0466,0005,장안푸르미에,12650,17,0,6,,,2013,아파트,직거래,,2024-12-27,2024-12,744.1177
2024,11560,영등포구,12700,양평동3가,1,대지,0079,0000,현대3차,93000,84,0,17,,,1991,아파트,중개거래,서울 영등포구,2024-12-27,2024-12,1107.1428
2024,11290,성북구,13700,상월곡동,1,대지,0101,0000,동아에코빌,56300,59,0,3,,,2003,아파트,중개거래,서울 성북구,2024-12-27,2024-12,954.2373
2024,11590,동작구,10200,상도동,1,대지,0534,0000,상도더샵2차,114000,84,0,2,,,2014,아파트,중개거래,서울 동작구,2024-12-27,2024-12,1357.1428
2024,11290,성북구,13400,길음동,1,대지,1276,0000,삼부컨비니언,58000,59,0,14,,,1998,아파트,중개거래,서울 성북구,2024-12-27,2024-12,983.05084
2024,11470,양천구,10300,신월동,1,대지,1033,0000,대성유니드,62200,76,0,11,,20250121,2004,아파트,중개거래,서울 양천구,2024-12-27,2024-12,818.4211
2024,11680,강남구,10500,삼성동,1,대지,0050,0000,현대힐스테이트2단지,149000,40,0,9,,,2008,아파트,중개거래,서울 강남구,2024-12-27,2024-12,3725.0
2024,11470,양천구,10100,신정동,1,대지,0327,0000,목동신시가지13,195000,98,0,2,,,1987,아파트,중개거래,서울 양천구,2024-12-27,2024-12,1989.7959
2024,11560,영등포구,10100,영등포동,1,대지,0647,0000,영등포푸르지오,110000,73,0,2,,20250110,2002,아파트,중개거래,서울 영등포구,2024-12-27,2024-12,1506.8494
2024,11650,서초구,10600,잠원동,1,대지,0073,0000,신반포2,327500,68,0,12,,,1978,아파트,중개거래,서울 서초구,2024-12-27,2024-12,4816.1763
2024,11470,양천구,10300,신월동,1,대지,1033,0000,대성유니드,62200,76,0,11,,20241227,2004,아파트,중개거래,서울 양천구,2024-12-27,2024-12,818.4211
2024,11215,광진구,10500,자양동,1,대지,0761,0000,자양2현대,117700,84,0,4,,,1995,아파트,중개거래,서울 광진구,2024-12-26,2024-12,1401.1904
2024,11230,동대문구,11000,이문동,3,블럭,0257,0042,래미안 라그란데,110897,84,0,5,분양권,,0,아파트,직거래,,2024-12-26,2024-12,1320.2024
2024,11590,동작구,10200,상도동,1,대지,0407,0000,현대(관악),68000,58,0,15,,,1992,아파트,중개거래,서울 관악구,2024-12-26,2024-12,1172.4138
2024,11710,송파구,10200,신천동,1,대지,0007,0000,장미1,259000,99,0,9,,,1979,아파트,중개거래,서울 송파구,2024-12-26,2024-12,2616.1616
2024,11260,중랑구,10600,신내동,1,대지,0787,0000,석탑,40000,59,0,16,,,1997,아파트,중개거래,서울 중랑구,2024-12-26,2024-12,677.9661
2024,11740,강동구,10600,둔촌동,1,대지,0170,0001,올림픽파크 포레온,249082,84,0,17,입주권,,0,아파트,중개거래,"서울 강동구, 서울 송파구",2024-12-26,2024-12,2965.262
2024,11440,마포구,10200,공덕동,1,대지,0030,0010,솔리스타,17000,14,0,16,,,2018,아파트,중개거래,서울 마포구,2024-12-26,2024-12,1214.2858
2024,11290,성북구,13400,길음동,1,대지,1284,0000,길음뉴타운8단지(래미안),89000,59,0,4,,,2010,아파트,중개거래,서울 성북구,2024-12-26,2024-12,1508.4746
2024,11740,강동구,10900,천호동,1,대지,0423,0200,강동 밀레니얼 중흥S-클래스,127000,59,0,39,입주권,,0,아파트,중개거래,서울 강동구,2024-12-26,2024-12,2152.5425
2024,11545,금천구,10300,시흥동,1,대지,1017,0000,관악산신도브래뉴,66500,94,0,14,,,2006,아파트,중개거래,서울 금천구,2024-12-26,2024-12,707.44684
2024,11215,광진구,10700,화양동,1,대지,0113,0001,광진코지웰,16300,16,0,11,,,2014,아파트,중개거래,서울 광진구,2024-12-26,2024-12,1018.75
2024,11200,성동구,10700,행당동,1,대지,0376,0000,서울숲행당푸르지오,135000,84,0,4,,20250418,2011,아파트,중개거래,서울 성동구,2024-12-26,2024-12,1607.1428
2024,11290,성북구,13300,정릉동,1,대지,1022,0000,대동아파트,52500,81,0,17,,,2003,아파트,중개거래,서울 성북구,2024-12-26,2024-12,648.14813
2024,11560,영등포구,11100,당산동1가,1,대지,0009,0001,코오롱,58000,59,0,12,,,1996,아파트,직거래,,2024-12-26,2024-12,983.05084
2024,11290,성북구,13400,길음동,1,대지,1281,0000,길음뉴타운4단지(e편한세상),65500,59,0,2,,,2005,아파트,직거래,,2024-12-26,2024-12,1110.1694
2024,11440,마포구,11100,신수동,1,대지,0459,0000,밤섬경남아너스빌,115000,84,0,1,,,2009,아파트,중개거래,서울 마포구,2024-12-26,2024-12,1369.0476
2024,11230,동대문구,10300,제기동,1,대지,1212,0000,한신아파트,71000,59,0,23,,,2004,아파트,중개거래,"서울 노원구, 서울 동대문구",2024-12-26,2024-12,1203.3898
2024,11350,노원구,10500,상계동,1,대지,0637,0000,상계주공13(고층),38000,49,0,12,,,1989,아파트,중개거래,서울 노원구,2024-12-26,2024-12,775.5102
2024,11560,영등포구,11200,당산동2가,1,대지,0016,0001,당산대우,36900,31,0,10,,,1999,아파트,중개거래,서울 영등포구,2024-12-26,2024-12,1190.3226
2024,11200,성동구,10700,행당동,1,대지,0376,0000,서울숲행당푸르지오,135000,84,0,4,,,2011,아파트,중개거래,서울 성동구,2024-12-26,2024-12,1607.1428
2024,11320,도봉구,10600,방학동,1,대지,0739,0000,효성하이타운아파트,49000,84,0,7,,,2002,아파트,중개거래,서울 도봉구,2024-12-26,2024-12,583.3333
2024,11200,성동구,10700,행당동,1,대지,0376,0000,서울숲행당푸르지오,165000,114,0,11,,,2011,아파트,중개거래,서울 성동구,2024-12-26,2024-12,1447.3684
2024,11590,동작구,10600,동작동,1,대지,0331,0000,금강KCC,100000,84,0,2,,,2003,아파트,중개거래,서울 동작구,2024-12-26,2024-12,1190.4762
2024,11470,양천구,10100,신정동,1,대지,0314,0000,목동신시가지8,229000,105,0,5,,,1987,아파트,중개거래,서울 양천구,2024-12-25,2024-12,2180.9524
2024,11215,광진구,10700,화양동,1,대지,0530,0000,씨즈건대힐스,16470,14,0,4,,,2017,아파트,중개거래,서울 광진구,2024-12-25,2024-12,1176.4286
2024,11350,노원구,10300,공릉동,1,대지,0744,0000,건영장미아파트,49000,59,0,14,,,1999,아파트,중개거래,서울 노원구,2024-12-25,2024-12,830.5085
2024,11530,구로구,10200,구로동,1,대지,1267,0000,신도림태영타운,90500,59,0,12,,,2000,아파트,중개거래,서울 구로구,2024-12-25,2024-12,1533.8983
2024,11320,도봉구,10600,방학동,1,대지,0713,0000,브라운스톤방학아파트,66000,84,0,9,,,2003,아파트,중개거래,서울 도봉구,2024-12-25,2024-12,785.7143
2024,11290,성북구,11200,삼선동2가,1,대지,0425,0000,삼선푸르지오,84000,84,0,6,,,2008,아파트,중개거래,서울 성북구,2024-12-25,2024-12,1000.0
2024,11380,은평구,10700,응암동,1,대지,0110,0001,위산일리온시티,23000,18,0,17,,,2020,아파트,중개거래,서울 은평구,2024-12-25,2024-12,1277.7778
2024,11680,강남구,10800,논현동,1,대지,0022,0000,신동아(22),85000,35,0,12,,,1997,아파트,중개거래,서울 강남구,2024-12-25,2024-12,2428.5715
2024,11230,동대문구,11000,이문동,3,블럭,0257,0042,래미안 라그란데,108000,59,0,7,입주권,,0,아파트,중개거래,서울 동대문구,2024-12-25,2024-12,1830.5084
2024,11710,송파구,10400,송파동,1,대지,0163,0014,현대,89000,59,0,1,,,1997,아파트,중개거래,서울 송파구,2024-12-25,2024-12,1508.4746
2024,11290,성북구,11200,삼선동2가,1,대지,0425,0000,삼선푸르지오,75000,59,0,10,,,2008,아파트,중개거래,"서울 성북구, 서울 종로구",2024-12-25,2024-12,1271.1864
2024,11110,종로구,17400,창신동,1,대지,0703,0000,창신쌍용2,87000,115,0,14,,,1993,아파트,중개거래,서울 종로구,2024-12-25,2024-12,756.5217
2024,11350,노원구,10300,공릉동,1,대지,0760,0000,화랑대디오베이션,65700,59,0,15,,,2021,아파트,중개거래,서울 중랑구,2024-12-25,2024-12,1113.5593
2024,11290,성북구,13400,길음동,1,대지,1283,0000,길음뉴타운6단지(래미안),113000,84,0,8,,20250205,2007,아파트,중개거래,서울 성북구,2024-12-25,2024-12,1345.238
2024,11740,강동구,10800,성내동,1,대지,0465,0001,코랜드빌리지,58000,57,0,10,,20250106,2001,아파트,중개거래,서울 강동구,2024-12-25,2024-12,1017.5439
2024,11740,강동구,10500,길동,1,대지,0414,0009,거산유팰리스2차,27375,21,0,9,,,2022,아파트,직거래,,2024-12-24,2024-12,1303.5714
2024,11740,강동구,10500,길동,1,대지,0414,0009,거산유팰리스2차,45334,36,0,5,,,2022,아파트,직거래,,2024-12-24,2024-12,1259.2778
2024,11740,강동구,10500,길동,1,대지,0414,0009,거산유팰리스2차,45999,36,0,5,,,2022,아파트,직거래,,2024-12-24,2024-12,1277.75
2024,11740,강동구,10500,길동,1,대지,0414,0009,거산유팰리스2차,40687,34,0,8,,,2022,아파트,직거래,,2024-12-24,2024-12,1196.6765
2024,11740,강동구,10500,길동,1,대지,0414,0009,거산유팰리스2차,40687,34,0,9,,,2022,아파트,직거래,,2024-12-24,2024-12,1196.6765
2024,11740,강동구,10500,길동,1,대지,0414,0009,거산유팰리스2차,45474,36,0,6,,,2022,아파트,직거래,,2024-12-24,2024-12,1263.1666
2024,11740,강동구,10500,길동,1,대지,0414,0009,거산유팰리스2차,27795,21,0,13,,,2022,아파트,직거래,,2024-12-24,2024-12,1323.5714
2024,11740,강동구,10500,길동,1,대지,0414,0009,거산유팰리스2차,27900,21,0,14,,,2022,아파트,직거래,,2024-12-24,2024-12,1328.5714
2024,11740,강동구,10500,길동,1,대지,0414,0009,거산유팰리스2차,27900,21,0,14,,,2022,아파트,직거래,,2024-12-24,2024-12,1328.5714
2024,11740,강동구,10500,길동,1,대지,0414,0009,거산유팰리스2차,42925,33,0,7,,,2022,아파트,직거래,,2024-12-24,2024-12,1300.7576
2024,11740,강동구,10500,길동,1,대지,0414,0009,거산유팰리스2차,43345,33,0,15,,,2022,아파트,직거래,,2024-12-24,2024-12,1313.4849
2024,11740,강동구,10500,길동,1,대지,0414,0009,거산유팰리스2차,46489,36,0,13,,,2022,아파트,직거래,,2024-12-24,2024-12,1291.3611
2024,11740,강동구,10500,길동,1,대지,0414,0009,거산유팰리스2차,27795,21,0,13,,,2022,아파트,직거래,,2024-12-24,2024-12,1323.5714
2024,11740,강동구,10500,길동,1,대지,0414,0009,거산유팰리스2차,42925,33,0,11,,,2022,아파트,직거래,,2024-12-24,2024-12,1300.7576
2024,11560,영등포구,12900,양평동5가,1,대지,0076,0000,양평한신,81000,59,0,2,,20250109,1996,아파트,중개거래,서울 영등포구,2024-12-24,2024-12,1372.8813
2024,11380,은평구,10700,응암동,1,대지,0669,0001,대주피오레,56500,59,0,1,,,2003,아파트,중개거래,서울 은평구,2024-12-24,2024-12,957.62714
2024,11710,송파구,10200,신천동,1,대지,0011,0000,장미2,253700,99,0,3,,,1979,아파트,중개거래,서울 송파구,2024-12-24,2024-12,2562.6262
2024,11350,노원구,10400,하계동,1,대지,0273,0000,장미(시영6),62300,59,0,9,,,1989,아파트,직거래,,2024-12-24,2024-12,1055.9323
2024,11320,도봉구,10700,창동,1,대지,0305,0000,창동주공1단지,56000,58,0,12,,,1990,아파트,중개거래,서울 도봉구,2024-12-24,2024-12,965.5172
2024,11710,송파구,11200,오금동,1,대지,0165,0000,상아2차아파트,115000,84,0,7,,,1988,아파트,중개거래,서울 송파구,2024-12-24,2024-12,1369.0476
2024,11215,광진구,10500,자양동,1,대지,0861,0000,자양호반써밋,110000,40,0,2,,,2021,아파트,직거래,,2024-12-24,2024-12,2750.0
2024,11680,강남구,11000,압구정동,1,대지,0490,0000,한양1차(영동한양),388000,63,0,5,,,1977,아파트,중개거래,서울 강남구,2024-12-24,2024-12,6158.73
2024,11740,강동구,10500,길동,1,대지,0414,0009,거산유팰리스2차,43205,33,0,8,,,2022,아파트,직거래,,2024-12-24,2024-12,1309.2424
2024,11320,도봉구,10500,쌍문동,1,대지,0158,0000,한양7,54000,84,0,10,,,1993,아파트,중개거래,"서울 강북구, 서울 도봉구",2024-12-24,2024-12,642.8571
2024,11290,성북구,10300,돈암동,1,대지,0636,0000,이수브라운스톤돈암,72900,59,0,18,,,2004,아파트,중개거래,서울 성북구,2024-12-24,2024-12,1235.5933
2024,11740,강동구,10500,길동,1,대지,0414,0009,거산유팰리스2차,42155,33,0,5,,,2022,아파트,직거래,,2024-12-24,2024-12,1277.4242
2024,11230,동대문구,11000,이문동,1,대지,0425,0000,이문삼성래미안아파트,74000,84,0,11,,,2001,아파트,중개거래,서울 동대문구,2024-12-24,2024-12,880.9524
2024,11740,강동구,10500,길동,1,대지,0414,0009,거산유팰리스2차,27900,21,0,14,,,2022,아파트,직거래,,2024-12-24,2024-12,1328.5714
2024,11305,강북구,10100,미아동,1,대지,1355,0000,미아한일유앤아이,69700,84,0,11,,,2002,아파트,중개거래,"서울 강북구, 서울 성북구",2024-12-24,2024-12,829.7619
2024,11740,강동구,10500,길동,1,대지,0414,0009,거산유팰리스2차,27795,21,0,13,,,2022,아파트,직거래,,2024-12-24,2024-12,1323.5714
2024,11740,강동구,10500,길동,1,대지,0414,0009,거산유팰리스2차,43695,33,0,12,,,2022,아파트,직거래,,2024-12-24,2024-12,1324.091
2024,11740,강동구,10500,길동,1,대지,0414,0009,거산유팰리스2차,46174,36,0,10,,,2022,아파트,직거래,,2024-12-24,2024-12,1282.6111
2024,11740,강동구,10500,길동,1,대지,0414,0009,거산유팰리스2차,43205,33,0,9,,,2022,아파트,직거래,,2024-12-24,2024-12,1309.2424
2024,11740,강동구,10500,길동,1,대지,0414,0009,거산유팰리스2차,43975,33,0,14,,,2022,아파트,직거래,,2024-12-24,2024-12,1332.5758
2024,11740,강동구,10500,길동,1,대지,0414,0009,거산유팰리스2차,46174,36,0,11,,,2022,아파트,직거래,,2024-12-24,2024-12,1282.6111
2024,11740,강동구,10500,길동,1,대지,0414,0009,거산유팰리스2차,27375,21,0,9,,,2022,아파트,직거래,,2024-12-24,2024-12,1303.5714
2024,11740,강동구,10500,길동,1,대지,0414,0009,거산유팰리스2차,26990,21,0,4,,,2022,아파트,직거래,,2024-12-24,2024-12,1285.238
2024,11740,강동구,10500,길동,1,대지,0414,0009,거산유팰리스2차,41457,34,0,15,,,2022,아파트,직거래,,2024-12-24,2024-12,1219.3235
2024,11740,강동구,10500,길동,1,대지,0414,0009,거산유팰리스2차,42015,33,0,4,,,2022,아파트,직거래,,2024-12-24,2024-12,1273.1818
2024,11740,강동구,10500,길동,1,대지,0414,0009,거산유팰리스2차,27375,21,0,9,,,2022,아파트,직거래,,2024-12-24,2024-12,1303.5714
2024,11740,강동구,10500,길동,1,대지,0414,0009,거산유팰리스2차,45194,36,0,4,,,2022,아파트,직거래,,2024-12-24,2024-12,1255.3889
2024,11740,강동구,10500,길동,1,대지,0414,0009,거산유팰리스2차,27375,21,0,8,,,2022,아파트,직거래,,2024-12-24,2024-12,1303.5714
2024,11740,강동구,10500,길동,1,대지,0414,0009,거산유팰리스2차,27375,21,0,8,,,2022,아파트,직거래,,2024-12-24,2024-12,1303.5714
2024,11740,강동구,10500,길동,1,대지,0414,0009,거산유팰리스2차,27375,21,0,8,,,2022,아파트,직거래,,2024-12-24,2024-12,1303.5714
2024,11740,강동구,10500,길동,1,대지,0414,0009,거산유팰리스2차,27200,21,0,7,,,2022,아파트,직거래,,2024-12-24,2024-12,1295.238
2024,11740,강동구,10500,길동,1,대지,0414,0009,거산유팰리스2차,27200,21,0,7,,,2022,아파트,직거래,,2024-12-24,2024-12,1295.238
2024,11740,강동구,10500,길동,1,대지,0414,0009,거산유팰리스2차,27200,21,0,7,,,2022,아파트,직거래,,2024-12-24,2024-12,1295.238
2024,11740,강동구,10500,길동,1,대지,0414,0009,거산유팰리스2차,27200,21,0,6,,,2022,아파트,직거래,,2024-12-24,2024-12,1295.238
2024,11740,강동구,10500,길동,1,대지,0414,0009,거산유팰리스2차,27200,21,0,6,,,2022,아파트,직거래,,2024-12-24,2024-12,1295.238
2024,11740,강동구,10500,길동,1,대지,0414,0009,거산유팰리스2차,27200,21,0,6,,,2022,아파트,직거래,,2024-12-24,2024-12,1295.238
2024,11740,강동구,10500,길동,1,대지,0414,0009,거산유팰리스2차,27095,21,0,5,,,2022,아파트,직거래,,2024-12-24,2024-12,1290.238
2024,11740,강동구,10500,길동,1,대지,0414,0009,거산유팰리스2차,27095,21,0,5,,,2022,아파트,직거래,,2024-12-24,2024-12,1290.238
2024,11740,강동구,10500,길동,1,대지,0414,0009,거산유팰리스2차,27095,21,0,5,,,2022,아파트,직거래,,2024-12-24,2024-12,1290.238
2024,11740,강동구,10500,길동,1,대지,0414,0009,거산유팰리스2차,27690,21,0,12,,,2022,아파트,직거래,,2024-12-24,2024-12,1318.5714
2024,11740,강동구,10500,길동,1,대지,0414,0009,거산유팰리스2차,27690,21,0,12,,,2022,아파트,직거래,,2024-12-24,2024-12,1318.5714
2024,11740,강동구,10500,길동,1,대지,0414,0009,거산유팰리스2차,27690,21,0,12,,,2022,아파트,직거래,,2024-12-24,2024-12,1318.5714
2024,11740,강동구,10500,길동,1,대지,0414,0009,거산유팰리스2차,27585,21,0,11,,,2022,아파트,직거래,,2024-12-24,2024-12,1313.5714
2024,11740,강동구,10500,길동,1,대지,0414,0009,거산유팰리스2차,27585,21,0,11,,,2022,아파트,직거래,,2024-12-24,2024-12,1313.5714
2024,11740,강동구,10500,길동,1,대지,0414,0009,거산유팰리스2차,27585,21,0,11,,,2022,아파트,직거래,,2024-12-24,2024-12,1313.5714
2024,11740,강동구,10500,길동,1,대지,0414,0009,거산유팰리스2차,26990,21,0,4,,,2022,아파트,직거래,,2024-12-24,2024-12,1285.238
2024,11740,강동구,10500,길동,1,대지,0414,0009,거산유팰리스2차,26990,21,0,4,,,2022,아파트,직거래,,2024-12-24,2024-12,1285.238
2024,11740,강동구,10500,길동,1,대지,0414,0009,거산유팰리스2차,27900,21,0,15,,,2022,아파트,직거래,,2024-12-24,2024-12,1328.5714
2024,11740,강동구,10500,길동,1,대지,0414,0009,거산유팰리스2차,27900,21,0,15,,,2022,아파트,직거래,,2024-12-24,2024-12,1328.5714
2024,11740,강동구,10500,길동,1,대지,0414,0009,거산유팰리스2차,27900,21,0,15,,,2022,아파트,직거래,,2024-12-24,2024-12,1328.5714
2024,11740,강동구,10500,길동,1,대지,0414,0009,거산유팰리스2차,41457,34,0,15,,,2022,아파트,직거래,,2024-12-24,2024-12,1219.3235
2024,11740,강동구,10500,길동,1,대지,0414,0009,거산유팰리스2차,41457,34,0,14,,,2022,아파트,직거래,,2024-12-24,2024-12,1219.3235
2024,11650,서초구,10800,서초동,1,대지,1529,0000,서초2차e-편한세상,210000,116,0,13,,,2005,아파트,중개거래,서울 서초구,2024-12-24,2024-12,1810.3448
2024,11740,강동구,10500,길동,1,대지,0414,0009,거산유팰리스2차,27585,21,0,10,,,2022,아파트,직거래,,2024-12-24,2024-12,1313.5714
2024,11290,성북구,13300,정릉동,1,대지,1033,0000,우정에쉐르,51000,59,0,15,,,2009,아파트,중개거래,서울 성북구,2024-12-24,2024-12,864.4068
2024,11740,강동구,10500,길동,1,대지,0414,0009,거산유팰리스2차,27585,21,0,10,,,2022,아파트,직거래,,2024-12-24,2024-12,1313.5714
2024,11740,강동구,10500,길동,1,대지,0414,0009,거산유팰리스2차,46629,36,0,15,,,2022,아파트,직거래,,2024-12-24,2024-12,1295.25
2024,11500,강서구,10600,내발산동,1,대지,0756,0000,마곡수명산파크7단지,83700,84,0,12,,,2008,아파트,중개거래,서울 강서구,2024-12-24,2024-12,996.4286
2024,11740,강동구,10500,길동,1,대지,0414,0009,거산유팰리스2차,41457,34,0,14,,,2022,아파트,직거래,,2024-12-24,2024-12,1219.3235
2024,11740,강동구,10500,길동,1,대지,0414,0009,거산유팰리스2차,42925,33,0,10,,,2022,아파트,직거래,,2024-12-24,2024-12,1300.7576
2024,11740,강동구,10500,길동,1,대지,0414,0009,거산유팰리스2차,27585,21,0,10,,,2022,아파트,직거래,,2024-12-24,2024-12,1313.5714
2024,11740,강동구,10500,길동,1,대지,0414,0009,거산유팰리스2차,46489,36,0,9,,,2022,아파트,직거래,,2024-12-24,2024-12,1291.3611
2024,11740,강동구,10500,길동,1,대지,0414,0009,거산유팰리스2차,46804,36,0,11,,,2022,아파트,직거래,,2024-12-24,2024-12,1300.1111
2024,11740,강동구,10500,길동,1,대지,0414,0009,거산유팰리스2차,43520,33,0,10,,,2022,아파트,직거래,,2024-12-24,2024-12,1318.7878
2024,11740,강동구,10500,길동,1,대지,0414,0009,거산유팰리스2차,45824,36,0,9,,,2022,아파트,직거래,,2024-12-24,2024-12,1272.8889
2024,11200,성동구,10200,하왕십리동,1,대지,1070,0000,센트라스,93700,40,0,28,,,2016,아파트,중개거래,"서울 성동구, 서울 중구",2024-12-24,2024-12,2342.5
2024,11740,강동구,10500,길동,1,대지,0414,0009,거산유팰리스2차,41282,34,0,13,,,2022,아파트,직거래,,2024-12-24,2024-12,1214.1765
2024,11740,강동구,10500,길동,1,대지,0414,0009,거산유팰리스2차,42295,33,0,6,,,2022,아파트,직거래,,2024-12-24,2024-12,1281.6666
2024,11740,강동구,10500,길동,1,대지,0414,0009,거산유팰리스2차,42925,33,0,6,,,2022,아파트,직거래,,2024-12-24,2024-12,1300.7576
2024,11740,강동구,10500,길동,1,대지,0414,0009,거산유팰리스2차,47154,36,0,13,,,2022,아파트,직거래,,2024-12-24,2024-12,1309.8334
2024,11200,성동구,10100,상왕십리동,1,대지,0012,0047,센트럴큐브,24000,19,0,18,,,2019,아파트,직거래,,2024-12-24,2024-12,1263.1578
2024,11740,강동구,10500,길동,1,대지,0414,0009,거산유팰리스2차,43205,33,0,13,,,2022,아파트,직거래,,2024-12-24,2024-12,1309.2424
2024,11740,강동구,10500,길동,1,대지,0414,0009,거산유팰리스2차,43835,33,0,13,,,2022,아파트,직거래,,2024-12-24,2024-12,1328.3334
2024,11740,강동구,10500,길동,1,대지,0414,0009,거산유팰리스2차,42645,33,0,9,,,2022,아파트,직거래,,2024-12-24,2024-12,1292.2727
2024,11740,강동구,10500,길동,1,대지,0414,0009,거산유팰리스2차,47329,36,0,15,,,2022,아파트,직거래,,2024-12-24,2024-12,1314.6945
2024,11740,강동구,10500,길동,1,대지,0414,0009,거산유팰리스2차,43345,33,0,14,,,2022,아파트,직거래,,2024-12-24,2024-12,1313.4849
2024,11530,구로구,10200,구로동,1,대지,0685,0222,주공1,74000,73,0,2,,,1986,아파트,중개거래,서울 구로구,2024-12-24,2024-12,1013.6986
2024,11740,강동구,10500,길동,1,대지,0414,0009,거산유팰리스2차,43975,33,0,15,,,2022,아파트,직거래,,2024-12-24,2024-12,1332.5758
2024,11740,강동구,10500,길동,1,대지,0414,0009,거산유팰리스2차,42785,33,0,5,,,2022,아파트,직거래,,2024-12-24,2024-12,1296.5151
2024,11740,강동구,10500,길동,1,대지,0414,0009,거산유팰리스2차,46489,36,0,8,,,2022,아파트,직거래,,2024-12-24,2024-12,1291.3611
2024,11740,강동구,10500,길동,1,대지,0414,0009,거산유팰리스2차,41282,34,0,13,,,2022,아파트,직거래,,2024-12-24,2024-12,1214.1765
2024,11740,강동구,10500,길동,1,대지,0414,0009,거산유팰리스2차,46629,36,0,14,,,2022,아파트,직거래,,2024-12-24,2024-12,1295.25
2024,11740,강동구,10500,길동,1,대지,0414,0009,거산유팰리스2차,42645,33,0,4,,,2022,아파트,직거래,,2024-12-24,2024-12,1292.2727
2024,11740,강동구,10500,길동,1,대지,0414,0009,거산유팰리스2차,40967,34,0,11,,,2022,아파트,직거래,,2024-12-24,2024-12,1204.9117
2024,11740,강동구,10500,길동,1,대지,0414,0009,거산유팰리스2차,40967,34,0,11,,,2022,아파트,직거래,,2024-12-24,2024-12,1204.9117
2024,11740,강동구,10500,길동,1,대지,0414,0009,거산유팰리스2차,40057,34,0,4,,,2022,아파트,직거래,,2024-12-24,2024-12,1178.1471
2024,11740,강동구,10500,길동,1,대지,0414,0009,거산유팰리스2차,43520,33,0,11,,,2022,아파트,직거래,,2024-12-24,2024-12,1318.7878
2024,11740,강동구,10500,길동,1,대지,0414,0009,거산유팰리스2차,45824,36,0,8,,,2022,아파트,직거래,,2024-12-24,2024-12,1272.8889
2024,11740,강동구,10500,길동,1,대지,0414,0009,거산유팰리스2차,46174,36,0,7,,,2022,아파트,직거래,,2024-12-24,2024-12,1282.6111
2024,11740,강동구,10500,길동,1,대지,0414,0009,거산유팰리스2차,40057,34,0,4,,,2022,아파트,직거래,,2024-12-24,2024-12,1178.1471
2024,11740,강동구,10500,길동,1,대지,0414,0009,거산유팰리스2차,40197,34,0,5,,,2022,아파트,직거래,,2024-12-24,2024-12,1182.2646
2024,11740,강동구,10500,길동,1,대지,0414,0009,거산유팰리스2차,46349,36,0,12,,,2022,아파트,직거래,,2024-12-24,2024-12,1287.4722
2024,11560,영등포구,10600,영등포동5가,1,대지,0049,0001,현대프라자,54000,59,0,4,,,1999,아파트,중개거래,서울 영등포구,2024-12-24,2024-12,915.2542
2024,11740,강동구,10500,길동,1,대지,0414,0009,거산유팰리스2차,40197,34,0,5,,,2022,아파트,직거래,,2024-12-24,2024-12,1182.2646
2024,11740,강동구,10500,길동,1,대지,0414,0009,거산유팰리스2차,41107,34,0,12,,,2022,아파트,직거래,,2024-12-24,2024-12,1209.0294
2024,11740,강동구,10500,길동,1,대지,0414,0009,거산유팰리스2차,46804,36,0,10,,,2022,아파트,직거래,,2024-12-24,2024-12,1300.1111
2024,11140,중구,16500,황학동,1,대지,2545,0000,롯데캐슬,100000,84,0,9,,,2008,아파트,중개거래,서울 중구,2024-12-24,2024-12,1190.4762
2024,11740,강동구,10500,길동,1,대지,0414,0009,거산유팰리스2차,42645,33,0,8,,,2022,아파트,직거래,,2024-12-24,2024-12,1292.2727
2024,11740,강동구,10500,길동,1,대지,0414,0009,거산유팰리스2차,41107,34,0,12,,,2022,아파트,직거래,,2024-12-24,2024-12,1209.0294
2024,11305,강북구,10100,미아동,1,대지,1369,0000,꿈의숲해링턴플레이스,89700,84,0,10,,,2019,아파트,중개거래,서울 강북구,2024-12-24,2024-12,1067.8572
2024,11740,강동구,10500,길동,1,대지,0414,0009,거산유팰리스2차,40967,34,0,10,,,2022,아파트,직거래,,2024-12-24,2024-12,1204.9117
2024,11740,강동구,10500,길동,1,대지,0414,0009,거산유팰리스2차,46979,36,0,12,,,2022,아파트,직거래,,2024-12-24,2024-12,1304.9722
2024,11380,은평구,10600,대조동,1,대지,0179,0016,북한산포레스트,18800,29,0,13,,,2021,아파트,직거래,,2024-12-24,2024-12,648.2759
2024,11740,강동구,10500,길동,1,대지,0414,0009,거산유팰리스2차,42295,33,0,7,,,2022,아파트,직거래,,2024-12-24,2024-12,1281.6666
2024,11350,노원구,10600,중계동,1,대지,0588,0000,양지마을(대림)2,102000,114,0,3,,,1999,아파트,중개거래,서울 노원구,2024-12-24,2024-12,894.7368
2024,11740,강동구,10500,길동,1,대지,0414,0009,거산유팰리스2차,45474,36,0,7,,,2022,아파트,직거래,,2024-12-24,2024-12,1263.1666
2024,11230,동대문구,10200,용두동,1,대지,0779,0000,신동아,60000,49,0,11,,,1994,아파트,중개거래,서울 동대문구,2024-12-24,2024-12,1224.4897
2024,11740,강동구,10500,길동,1,대지,0414,0009,거산유팰리스2차,40337,34,0,6,,,2022,아파트,직거래,,2024-12-24,2024-12,1186.3823
2024,11380,은평구,10300,불광동,1,대지,0641,0000,북한산현대힐스테이트3차아파트,70800,59,0,9,,,2010,아파트,직거래,,2024-12-24,2024-12,1200.0
2024,11740,강동구,10500,길동,1,대지,0414,0009,거산유팰리스2차,40337,34,0,6,,,2022,아파트,직거래,,2024-12-24,2024-12,1186.3823
2024,11410,서대문구,12000,남가좌동,1,대지,0385,0000,DMC파크뷰자이2단지,127000,84,0,6,,,2015,아파트,중개거래,서울 서대문구,2024-12-24,2024-12,1511.9048
2024,11230,동대문구,11000,이문동,3,블럭,0257,0042,래미안 라그란데,108000,59,0,14,입주권,,0,아파트,중개거래,서울 동대문구,2024-12-24,2024-12,1830.5084
2024,11740,강동구,10500,길동,1,대지,0414,0009,거산유팰리스2차,47329,36,0,14,,,2022,아파트,직거래,,2024-12-24,2024-12,1314.6945
2024,11740,강동구,10500,길동,1,대지,0414,0009,거산유팰리스2차,40967,34,0,10,,,2022,아파트,직거래,,2024-12-24,2024-12,1204.9117
2024,11470,양천구,10100,신정동,1,대지,1327,0000,호반써밋목동,114000,59,0,14,,,2022,아파트,중개거래,서울 양천구,2024-12-24,2024-12,1932.2034
2024,11740,강동구,10500,길동,1,대지,0414,0009,거산유팰리스2차,40687,34,0,9,,,2022,아파트,직거래,,2024-12-24,2024-12,1196.6765
2024,11560,영등포구,10900,영등포동8가,1,대지,0076,0001,삼환,94000,59,0,20,,,1999,아파트,중개거래,서울 영등포구,2024-12-24,2024-12,1593.2203
2024,11740,강동구,10500,길동,1,대지,0414,0009,거산유팰리스2차,43065,33,0,12,,,2022,아파트,직거래,,2024-12-24,2024-12,1305.0
2024,11290,성북구,13400,길음동,1,대지,1281,0000,길음뉴타운4단지(e편한세상),76800,59,0,8,,,2005,아파트,중개거래,서울 성북구,2024-12-24,2024-12,1301.695
2024,11740,강동구,10500,길동,1,대지,0414,0009,거산유팰리스2차,46174,36,0,6,,,2022,아파트,직거래,,2024-12-24,2024-12,1282.6111
2024,11140,중구,16200,신당동,1,대지,0851,0000,래미안하이베르,127000,84,0,12,,20250107,2011,아파트,중개거래,서울 중구,2024-12-24,2024-12,1511.9048
2024,11740,강동구,10500,길동,1,대지,0414,0009,거산유팰리스2차,40337,34,0,7,,,2022,아파트,직거래,,2024-12-24,2024-12,1186.3823
2024,11740,강동구,10500,길동,1,대지,0414,0009,거산유팰리스2차,40337,34,0,7,,,2022,아파트,직거래,,2024-12-24,2024-12,1186.3823
2024,11530,구로구,10200,구로동,1,대지,0044,0008,비즈트위트오렌지,8000,15,0,5,,,2013,아파트,중개거래,충북 음성군,2024-12-24,2024-12,533.3333
2024,11740,강동구,10500,길동,1,대지,0414,0009,거산유팰리스2차,40687,34,0,8,,,2022,아파트,직거래,,2024-12-24,2024-12,1196.6765
2024,11740,강동구,10500,길동,1,대지,0414,0009,거산유팰리스2차,45824,36,0,4,,,2022,아파트,직거래,,2024-12-24,2024-12,1272.8889
2024,11710,송파구,10100,잠실동,1,대지,0035,0000,트리지움,246000,84,0,27,,,2007,아파트,중개거래,서울 송파구,2024-12-24,2024-12,2928.5715
2024,11470,양천구,10100,신정동,1,대지,0326,0000,목동신시가지12,149000,71,0,3,,,1988,아파트,중개거래,서울 양천구,2024-12-24,2024-12,2098.5916
2024,11200,성동구,10700,행당동,1,대지,0346,0000,행당한진타운,112000,59,0,19,,,2000,아파트,중개거래,서울 성동구,2024-12-23,2024-12,1898.305
2024,11350,노원구,10600,중계동,1,대지,0514,0000,중앙하이츠아쿠아,89000,84,0,10,,,2008,아파트,중개거래,서울 노원구,2024-12-23,2024-12,1059.5238
2024,11200,성동구,10800,응봉동,1,대지,0100,0000,대림(1차),133500,75,0,6,,,1986,아파트,중개거래,서울 성동구,2024-12-23,2024-12,1780.0
2024,11710,송파구,10100,잠실동,1,대지,0022,0000,리센츠,320000,98,0,11,,,2008,아파트,중개거래,서울 송파구,2024-12-23,2024-12,3265.3062
2024,11500,강서구,10600,내발산동,1,대지,0657,0000,우장산힐스테이트,132700,84,0,8,,,2005,아파트,중개거래,서울 강서구,2024-12-23,2024-12,1579.762
2024,11380,은평구,11400,진관동,1,대지,0062,0000,은평스카이뷰자이,106500,84,0,11,,,2019,아파트,중개거래,서울 은평구,2024-12-23,2024-12,1267.8572
2024,11350,노원구,10500,상계동,1,대지,0691,0000,상계주공7(고층),47000,41,0,5,,,1988,아파트,중개거래,서울 노원구,2024-12-23,2024-12,1146.3414
2024,11710,송파구,10800,문정동,1,대지,0145,0000,문정시영,62000,39,0,12,,,1989,아파트,중개거래,서울 송파구,2024-12-23,2024-12,1589.7435
2024,11680,강남구,11800,도곡동,1,대지,0467,0007,아카데미스위트1,347800,164,0,46,,,2004,아파트,직거래,,2024-12-23,2024-12,2120.7317
2024,11680,강남구,11800,도곡동,1,대지,0467,0007,아카데미스위트1,220000,122,0,6,,,2004,아파트,중개거래,서울 강남구,2024-12-23,2024-12,1803.2787
2024,11290,성북구,10800,동소문동5가,1,대지,0015,0000,성신여대역솔하임,21000,14,0,14,,,2018,아파트,중개거래,서울 성북구,2024-12-23,2024-12,1500.0
2024,11350,노원구,10300,공릉동,1,대지,0714,0000,삼익4단지아파트,47000,49,0,7,,,1994,아파트,중개거래,서울 노원구,2024-12-23,2024-12,959.18365
2024,11710,송파구,10800,문정동,1,대지,0150,0000,올림픽훼밀리타운,232000,136,0,9,,,1988,아파트,중개거래,서울 송파구,2024-12-23,2024-12,1705.8823
2024,11230,동대문구,10500,답십리동,1,대지,1003,0000,래미안위브,130500,84,0,20,,20250103,2014,아파트,중개거래,서울 중구,2024-12-23,2024-12,1553.5714
2024,11530,구로구,11200,항동,1,대지,0242,0000,하버라인3단지,76000,74,0,4,,,2019,아파트,중개거래,서울 구로구,2024-12-23,2024-12,1027.027
2024,11230,동대문구,10500,답십리동,1,대지,0530,0004,보광타워,24700,22,0,8,,,2019,아파트,중개거래,서울 동대문구,2024-12-23,2024-12,1122.7273
2024,11545,금천구,10300,시흥동,1,대지,0005,0013,삼익,58000,84,0,9,,,1999,아파트,직거래,,2024-12-23,2024-12,690.4762
2024,11380,은평구,10600,대조동,1,대지,0197,0001,유진아이디움,16500,14,0,11,,,2019,아파트,직거래,,2024-12-23,2024-12,1178.5714
2024,11350,노원구,10300,공릉동,1,대지,0715,0000,시영3차(라이프)아파트,32000,34,0,12,,,1994,아파트,중개거래,서울 노원구,2024-12-23,2024-12,941.17645
2024,11590,동작구,10200,상도동,1,대지,0906,0000,상도푸르지오클라베뉴,127000,84,0,8,분양권,,0,아파트,중개거래,서울 동작구,2024-12-23,2024-12,1511.9048
2024,11650,서초구,10100,방배동,1,대지,1010,0001,방배임광3차,66000,44,0,9,,,1988,아파트,직거래,,2024-12-23,2024-12,1500.0
2024,11680,강남구,10800,논현동,1,대지,0245,0000,동양파라곤,370000,160,0,12,,,2004,아파트,중개거래,서울 강남구,2024-12-23,2024-12,2312.5
2024,11710,송파구,10900,장지동,1,대지,0857,0000,송파파인타운13단지,152000,84,0,5,,,2011,아파트,중개거래,"서울 강남구, 서울 송파구",2024-12-23,2024-12,1809.5238
2024,11230,동대문구,10200,용두동,1,대지,0779,0000,신동아,60000,49,0,11,,20241229,1994,아파트,중개거래,서울 동대문구,2024-12-23,2024-12,1224.4897
2024,11500,강서구,10300,화곡동,1,대지,1161,0000,강서동도센트리움,8900,14,0,6,,,2012,아파트,중개거래,서울 강서구,2024-12-23,2024-12,635.7143
2024,11350,노원구,10400,하계동,1,대지,0284,0000,한신1,29000,27,0,11,,,1988,아파트,중개거래,서울 노원구,2024-12-23,2024-12,1074.0741
2024,11560,영등포구,13000,양평동6가,1,대지,0100,0000,동양,73300,59,0,14,,,2000,아파트,중개거래,서울 영등포구,2024-12-23,2024-12,1242.3729
2024,11500,강서구,10900,방화동,1,대지,0839,0000,방화그린,40500,39,0,14,,,1993,아파트,중개거래,서울 강서구,2024-12-23,2024-12,1038.4615
2024,11650,서초구,10300,우면동,1,대지,0057,0000,대림,177000,130,0,9,,,1995,아파트,중개거래,서울 서초구,2024-12-23,2024-12,1361.5385
2024,11350,노원구,10200,월계동,1,대지,0924,0000,초안2,38700,59,0,4,,,1997,아파트,중개거래,서울 노원구,2024-12-23,2024-12,655.9322
2024,11320,도봉구,10500,쌍문동,1,대지,0056,0000,삼익세라믹,56000,79,0,2,,,1988,아파트,중개거래,서울 도봉구,2024-12-23,2024-12,708.8608
2024,11110,종로구,10800,통인동,1,대지,0005,0001,효자,22000,61,0,5,,,1999,아파트,중개거래,서울 종로구,2024-12-23,2024-12,360.65573
2024,11380,은평구,11400,진관동,1,대지,0092,0000,은평뉴타운 제각말 푸르지오(5-4단지),80000,84,0,4,,,2010,아파트,중개거래,서울 은평구,2024-12-23,2024-12,952.381
2024,11215,광진구,10500,자양동,1,대지,0227,0007,더샵스타시티,190000,119,0,12,,,2007,아파트,중개거래,서울 성동구,2024-12-23,2024-12,1596.6387
2024,11350,노원구,10500,상계동,1,대지,0670,0000,상계주공9(고층),48000,49,0,5,,,1988,아파트,중개거래,서울 노원구,2024-12-23,2024-12,979.59186
2024,11200,성동구,11100,금호동3가,1,대지,0700,0000,금호자이2차,141000,84,0,16,,,2012,아파트,중개거래,서울 성동구,2024-12-23,2024-12,1678.5714
2024,11290,성북구,10700,동소문동4가,1,대지,0279,0000,송산아파트,53000,58,0,1,,,1998,아파트,직거래,,2024-12-23,2024-12,913.7931
2024,11470,양천구,10200,목동,1,대지,0925,0000,목동신시가지7,268000,101,0,14,,,1986,아파트,중개거래,서울 양천구,2024-12-23,2024-12,2653.4653
2024,11590,동작구,10800,대방동,1,대지,0394,0002,진성마블로스,12000,14,0,4,,,2011,아파트,중개거래,서울 동작구,2024-12-23,2024-12,857.1429
2024,11440,마포구,10800,대흥동,1,대지,0660,0000,대흥동태영아파트,149500,84,0,3,,,1999,아파트,중개거래,서울 마포구,2024-12-22,2024-12,1779.762
2024,11440,마포구,10900,염리동,1,대지,0532,0000,마포프레스티지자이,227500,84,0,12,,,2021,아파트,중개거래,서울 마포구,2024-12-22,2024-12,2708.3333
2024,11590,동작구,10400,본동,1,대지,0487,0000,한신휴플러스,85000,59,0,9,,,2004,아파트,중개거래,"서울 강남구, 서울 동작구",2024-12-22,2024-12,1440.678
2024,11470,양천구,10200,목동,1,대지,0925,0000,목동신시가지7,208000,66,0,9,,,1986,아파트,중개거래,서울 양천구,2024-12-22,2024-12,3151.5151
2024,11710,송파구,10200,신천동,1,대지,0007,0000,장미1,289000,120,0,12,,,1979,아파트,중개거래,서울 송파구,2024-12-22,2024-12,2408.3333
2024,11560,영등포구,13300,대림동,1,대지,0608,0001,현대3차,82000,59,0,22,,20250205,1997,아파트,중개거래,서울 영등포구,2024-12-22,2024-12,1389.8306
2024,11620,관악구,10100,봉천동,1,대지,1719,0000,관악동부센트레빌,82000,59,0,5,,20250115,2004,아파트,중개거래,서울 관악구,2024-12-22,2024-12,1389.8306
2024,11200,성동구,11100,금호동3가,1,대지,1662,0000,금호한신,95000,59,0,11,,,2005,아파트,중개거래,서울 성동구,2024-12-22,2024-12,1610.1694
2024,11590,동작구,10900,신대방동,1,대지,0395,0067,롯데관악타워,135000,172,0,22,,,1996,아파트,중개거래,서울 동작구,2024-12-22,2024-12,784.8837
2024,11380,은평구,10100,수색동,1,대지,0417,0000,DMC롯데캐슬더퍼스트,60000,39,0,1,,,2021,아파트,중개거래,서울 은평구,2024-12-22,2024-12,1538.4615
2024,11230,동대문구,11000,이문동,3,블럭,0257,0042,래미안 라그란데,127000,84,0,21,입주권,,0,아파트,중개거래,서울 동대문구,2024-12-22,2024-12,1511.9048
2024,11380,은평구,10900,신사동,1,대지,0360,0000,신사성원,65000,84,0,6,,,2000,아파트,중개거래,서울 은평구,2024-12-22,2024-12,773.8095
2024,11560,영등포구,13200,신길동,1,대지,0067,0001,경남,74500,59,0,2,,,1999,아파트,중개거래,서울 마포구,2024-12-22,2024-12,1262.7119
2024,11500,강서구,10500,마곡동,1,대지,0422,0000,신안,90000,84,0,2,,,1993,아파트,중개거래,"경기 안산시 단원구, 서울 강서구",2024-12-22,2024-12,1071.4286
2024,11410,서대문구,11000,북아현동,1,대지,1009,0000,두산,91900,59,0,13,,,1999,아파트,중개거래,서울 서대문구,2024-12-22,2024-12,1557.6271
2024,11560,영등포구,11500,당산동5가,1,대지,0042,0000,당산삼성래미안4차,180000,115,0,7,,,2003,아파트,중개거래,서울 영등포구,2024-12-22,2024-12,1565.2174
2024,11440,마포구,10800,대흥동,1,대지,0012,0041,서희스타힐스,20000,12,0,17,,,2014,아파트,중개거래,서울 마포구,2024-12-22,2024-12,1666.6666
2024,11200,성동구,10700,행당동,1,대지,0376,0000,서울숲행당푸르지오,118000,59,0,7,,,2011,아파트,중개거래,서울 성동구,2024-12-22,2024-12,2000.0
2024,11470,양천구,10200,목동,1,대지,0724,0002,동구햇살아파트,81500,84,0,10,,,2003,아파트,중개거래,서울 양천구,2024-12-22,2024-12,970.2381
2024,11260,중랑구,10200,상봉동,1,대지,0484,0000,"엘지,쌍용아파트",60600,68,0,13,,20250211,1996,아파트,중개거래,서울 중랑구,2024-12-21,2024-12,891.17645
2024,11680,강남구,10300,개포동,1,대지,0660,0001,디에이치 퍼스티어 아이파크,264000,84,0,6,입주권,,0,아파트,직거래,,2024-12-21,2024-12,3142.8572
2024,11440,마포구,10100,아현동,1,대지,0804,0000,더클래시,162000,59,0,4,,20241223,2022,아파트,중개거래,서울 마포구,2024-12-21,2024-12,2745.7627
2024,11710,송파구,10700,가락동,1,대지,0913,0000,헬리오시티,234000,84,0,5,,,2018,아파트,중개거래,서울 송파구,2024-12-21,2024-12,2785.7144
2024,11530,구로구,10700,개봉동,1,대지,0480,0000,현대홈타운,60000,59,0,24,,20250107,2001,아파트,중개거래,서울 구로구,2024-12-21,2024-12,1016.94916
2024,11305,강북구,10100,미아동,1,대지,1354,0000,벽산라이브파크,57800,60,0,6,,,2004,아파트,중개거래,"경기 평택시, 서울 강북구",2024-12-21,2024-12,963.3333
2024,11560,영등포구,11000,여의도동,1,대지,0525,0000,브라이튼여의도,488200,113,0,28,,,2023,아파트,직거래,,2024-12-21,2024-12,4320.354
2024,11470,양천구,10100,신정동,1,대지,1259,0000,신트리1,61500,49,0,11,,,1999,아파트,중개거래,서울 양천구,2024-12-21,2024-12,1255.102
2024,11320,도봉구,10700,창동,1,대지,0038,0000,주공17단지,30000,36,0,15,,,1989,아파트,중개거래,서울 도봉구,2024-12-21,2024-12,833.3333
2024,11590,동작구,10700,사당동,1,대지,0105,0000,사당우성3,74000,46,0,1,,,1993,아파트,중개거래,서울 동작구,2024-12-21,2024-12,1608.6957
2024,11440,마포구,10100,아현동,1,대지,0804,0000,더클래시,162000,59,0,4,,20250108,2022,아파트,중개거래,서울 마포구,2024-12-21,2024-12,2745.7627
2024,11230,동대문구,10200,용두동,1,대지,0100,0005,동대문베네스트,23000,18,0,20,,,2020,아파트,중개거래,서울 동대문구,2024-12-21,2024-12,1277.7778
2024,11650,서초구,10800,서초동,1,대지,1648,0002,서초현대,125000,54,0,12,,,1999,아파트,중개거래,서울 서초구,2024-12-21,2024-12,2314.8147
2024,11410,서대문구,10600,천연동,1,대지,0145,0000,천연뜨란채,79400,56,0,8,,20250203,2006,아파트,중개거래,서울 서대문구,2024-12-21,2024-12,1417.8572
2024,11440,마포구,10900,염리동,1,대지,0532,0000,마포프레스티지자이,180000,59,0,16,,,2021,아파트,중개거래,서울 마포구,2024-12-21,2024-12,3050.8474
2024,11500,강서구,10200,등촌동,1,대지,0642,0000,제일(코오롱),75000,84,0,2,,,1999,아파트,중개거래,서울 강서구,2024-12-21,2024-12,892.8571
2024,11590,동작구,10200,상도동,1,대지,0904,0000,상도역롯데캐슬파크엘,138000,59,0,20,,,2021,아파트,중개거래,서울 동작구,2024-12-21,2024-12,2338.9832
2024,11440,마포구,10100,아현동,1,대지,0804,0000,더클래시,159800,59,0,19,,,2022,아파트,중개거래,서울 마포구,2024-12-21,2024-12,2708.4746
2024,11650,서초구,10100,방배동,1,대지,3283,0000,방배그랑자이,202000,54,0,8,,,2021,아파트,중개거래,서울 서초구,2024-12-21,2024-12,3740.7407
2024,11380,은평구,11000,증산동,1,대지,0244,0000,DMC우방,70000,59,0,19,,,2000,아파트,중개거래,서울 은평구,2024-12-21,2024-12,1186.4407
2024,11410,서대문구,11800,홍은동,1,대지,0467,0000,북한산두산위브,74500,59,0,8,,,2020,아파트,중개거래,서울 서대문구,2024-12-21,2024-12,1262.7119
2024,11470,양천구,10200,목동,1,대지,0941,0000,대원칸타빌2,129000,84,0,5,,,2003,아파트,중개거래,"서울 구로구, 서울 양천구",2024-12-21,2024-12,1535.7142
2024,11290,성북구,13300,정릉동,1,대지,0239,0000,정릉풍림아이원,49500,59,0,4,,,2005,아파트,중개거래,서울 성북구,2024-12-21,2024-12,838.98303
2024,11215,광진구,10300,구의동,1,대지,0668,0000,래미안파크스위트,148000,84,0,13,,,2018,아파트,중개거래,서울 서대문구,2024-12-21,2024-12,1761.9048
2024,11380,은평구,10300,불광동,1,대지,0486,0017,베로니스,31700,27,0,11,,,2019,아파트,중개거래,서울 강북구,2024-12-21,2024-12,1174.0741
2024,11560,영등포구,11700,당산동,1,대지,0376,0000,강변래미안,125000,79,0,7,,,2002,아파트,중개거래,서울 영등포구,2024-12-21,2024-12,1582.2784
2024,11710,송파구,10200,신천동,1,대지,0011,0000,장미2,226000,82,0,1,,,1979,아파트,중개거래,서울 송파구,2024-12-21,2024-12,2756.0977
2024,11710,송파구,10500,석촌동,1,대지,0285,0000,잠실한솔,120000,59,0,13,,,2000,아파트,중개거래,서울 송파구,2024-12-21,2024-12,2033.8983
2024,11230,동대문구,10200,용두동,1,대지,0779,0000,신동아,76000,84,0,2,,,1994,아파트,중개거래,"서울 동대문구, 서울 성동구",2024-12-21,2024-12,904.7619
2024,11740,강동구,10100,명일동,1,대지,0257,0000,고덕주공9,123000,83,0,4,,20250107,1985,아파트,중개거래,서울 강동구,2024-12-21,2024-12,1481.9277
2024,11230,동대문구,10800,회기동,1,대지,0346,0018,베라체캠퍼스,26000,24,0,8,,,2013,아파트,중개거래,서울 동대문구,2024-12-21,2024-12,1083.3334
2024,11380,은평구,10600,대조동,1,대지,0197,0003,메트하임,17500,14,0,13,,,2020,아파트,중개거래,서울 은평구,2024-12-21,2024-12,1250.0
2024,11350,노원구,10400,하계동,1,대지,0354,0000,학여울청구,59000,59,0,12,,20241226,1999,아파트,중개거래,서울 노원구,2024-12-21,2024-12,1000.0
2024,11380,은평구,10700,응암동,1,대지,0769,0000,녹번역e편한세상캐슬,73000,44,0,1,,,2021,아파트,중개거래,서울 은평구,2024-12-21,2024-12,1659.091
2024,11590,동작구,10200,상도동,1,대지,0363,0164,상도휴엔하임,19700,16,0,12,,,2016,아파트,중개거래,서울 동작구,2024-12-21,2024-12,1231.25
2024,11620,관악구,10100,봉천동,1,대지,1728,0000,관악파크푸르지오,88000,84,0,3,,,2014,아파트,중개거래,서울 관악구,2024-12-21,2024-12,1047.619
2024,11470,양천구,10100,신정동,1,대지,0326,0000,목동신시가지12,156000,71,0,12,,,1988,아파트,중개거래,서울 양천구,2024-12-21,2024-12,2197.183
2024,11260,중랑구,10400,묵동,1,대지,0396,0000,이편한세상화랑대,83350,59,0,9,,,2017,아파트,중개거래,서울 중랑구,2024-12-21,2024-12,1412.7119
2024,11215,광진구,10400,광장동,1,대지,0576,0000,광장현대9단지,117500,59,0,13,,,1999,아파트,중개거래,서울 광진구,2024-12-21,2024-12,1991.5254
2024,11215,광진구,10400,광장동,1,대지,0582,0000,광장힐스테이트,255000,130,0,25,,,2012,아파트,중개거래,서울 광진구,2024-12-21,2024-12,1961.5385
2024,11290,성북구,13500,종암동,1,대지,0130,0000,아이파크종암동1차,77500,59,0,9,,,2004,아파트,중개거래,서울 성북구,2024-12-21,2024-12,1313.5593
2024,11710,송파구,10900,장지동,1,대지,0894,0000,위례아이파크,151000,87,0,5,,,2015,아파트,중개거래,서울 강남구,2024-12-21,2024-12,1735.6322
2024,11290,성북구,13600,하월곡동,1,대지,0222,0000,월곡두산위브,78300,84,0,10,,,2003,아파트,중개거래,서울 성북구,2024-12-21,2024-12,932.1429
2024,11200,성동구,11000,금호동2가,1,대지,1217,0000,래미안하이리버,139500,59,0,19,,,2012,아파트,중개거래,서울 성동구,2024-12-21,2024-12,2364.4067
2024,11470,양천구,10200,목동,1,대지,0925,0000,목동신시가지7,161900,53,0,5,,,1986,아파트,중개거래,서울 양천구,2024-12-21,2024-12,3054.717
2024,11680,강남구,10400,청담동,1,대지,0023,0000,현대아파트,179000,84,0,8,,,1988,아파트,중개거래,"서울 강남구, 서울 서초구",2024-12-21,2024-12,2130.9524
2024,11260,중랑구,10400,묵동,1,대지,0386,0000,금호어울림,62700,59,0,8,,,2003,아파트,중개거래,서울 중랑구,2024-12-21,2024-12,1062.7119
2024,11560,영등포구,12200,문래동4가,1,대지,0043,0000,문래동삼환,79800,59,0,9,,,2001,아파트,중개거래,"서울 구로구, 서울 영등포구",2024-12-21,2024-12,1352.5424
2024,11530,구로구,10200,구로동,1,대지,0023,0000,우성(23),98000,84,0,7,,,1985,아파트,중개거래,서울 구로구,2024-12-21,2024-12,1166.6666
2024,11590,동작구,10100,노량진동,1,대지,0323,0000,우성,98000,84,0,17,,,1997,아파트,중개거래,서울 동작구,2024-12-21,2024-12,1166.6666
2024,11290,성북구,13400,길음동,1,대지,1278,0000,길음동동부센트레빌(1278-0),74500,59,0,17,,,2003,아파트,중개거래,서울 성북구,2024-12-21,2024-12,1262.7119
2024,11140,중구,16200,신당동,1,대지,0851,0000,래미안하이베르,109000,59,0,6,,,2011,아파트,중개거래,서울 중구,2024-12-21,2024-12,1847.4576
2024,11470,양천구,10100,신정동,1,대지,1327,0000,호반써밋목동,131500,84,0,10,,,2022,아파트,중개거래,서울 양천구,2024-12-21,2024-12,1565.4762
2024,11260,중랑구,10100,면목동,1,대지,0538,0000,신영,8800,14,0,6,,,2013,아파트,중개거래,서울 중랑구,2024-12-21,2024-12,628.5714
2024,11290,성북구,10300,돈암동,1,대지,0609,0001,한진(609-1),76500,84,0,18,,,1998,아파트,중개거래,서울 성북구,2024-12-21,2024-12,910.7143
2024,11410,서대문구,11100,홍제동,1,대지,0461,0000,홍제삼성래미안,67500,60,0,9,,,2001,아파트,중개거래,서울 서대문구,2024-12-21,2024-12,1125.0
2024,11215,광진구,10700,화양동,1,대지,0110,0037,화양타워,8500,15,0,2,,,1999,아파트,중개거래,서울 광진구,2024-12-21,2024-12,566.6667
2024,11440,마포구,11600,하중동,1,대지,0101,0000,한강밤섬자이,245000,132,0,19,,,2010,아파트,중개거래,서울 마포구,2024-12-21,2024-12,1856.0605
2024,11710,송파구,11200,오금동,1,대지,0165,0000,상아2차아파트,95000,60,0,8,,,1988,아파트,중개거래,서울 송파구,2024-12-21,2024-12,1583.3334
2024,11590,동작구,10500,흑석동,1,대지,0341,0000,아크로리버하임,230000,84,0,13,,,2019,아파트,중개거래,"서울 동작구, 서울 서초구",2024-12-21,2024-12,2738.0952
2024,11410,서대문구,11000,북아현동,1,대지,1017,0000,힐스테이트신촌,118000,55,0,6,,,2020,아파트,중개거래,서울 서대문구,2024-12-21,2024-12,2145.4546
2024,11350,노원구,10400,하계동,1,대지,0354,0000,학여울청구,59000,59,0,12,,,1999,아파트,중개거래,서울 노원구,2024-12-21,2024-12,1000.0
2024,11200,성동구,10200,하왕십리동,1,대지,1070,0000,센트라스,149000,59,0,11,,,2016,아파트,중개거래,서울 성동구,2024-12-21,2024-12,2525.4238
2024,11230,동대문구,10900,휘경동,1,대지,0368,0000,브라운스톤휘경,74600,59,0,3,,,2013,아파트,중개거래,서울 동대문구,2024-12-21,2024-12,1264.4067
2024,11290,성북구,11000,동소문동7가,1,대지,0023,0000,한신플러스C,73000,59,0,13,,,2004,아파트,중개거래,서울 성북구,2024-12-21,2024-12,1237.2881
2024,11215,광진구,10400,광장동,1,대지,0566,0000,청구,103000,59,0,7,,,1996,아파트,중개거래,서울 광진구,2024-12-21,2024-12,1745.7627
2024,11470,양천구,10300,신월동,1,대지,1063,0000,롯데캐슬,98700,84,0,8,,,2014,아파트,중개거래,서울 양천구,2024-12-21,2024-12,1175.0
2024,11350,노원구,10200,월계동,1,대지,0947,0000,롯데캐슬루나,67950,59,0,3,,,2006,아파트,중개거래,서울 노원구,2024-12-21,2024-12,1151.695
2024,11215,광진구,10400,광장동,1,대지,0566,0000,청구,101000,59,0,7,,,1996,아파트,중개거래,서울 강동구,2024-12-21,2024-12,1711.8644
2024,11350,노원구,10500,상계동,1,대지,0666,0000,상계주공10(고층),56000,59,0,5,,,1988,아파트,중개거래,서울 노원구,2024-12-21,2024-12,949.1525
2024,11470,양천구,10100,신정동,1,대지,1326,0000,래미안목동아델리체(101동~118동),130000,59,0,19,,,2021,아파트,중개거래,서울 양천구,2024-12-21,2024-12,2203.39
2024,11200,성동구,12200,용답동,3,블럭,0108,0001,청계리버뷰자이,127703,78,0,8,분양권,,0,아파트,직거래,,2024-12-21,2024-12,1637.2179
2024,11200,성동구,12200,용답동,3,블럭,0108,0001,청계리버뷰자이,134537,78,0,13,분양권,,0,아파트,중개거래,서울 동대문구,2024-12-21,2024-12,1724.8334
2024,11230,동대문구,10800,회기동,1,대지,0346,0018,베라체캠퍼스,25500,24,0,12,,,2013,아파트,중개거래,서울 동대문구,2024-12-21,2024-12,1062.5
2024,11320,도봉구,10700,창동,1,대지,0038,0000,주공17단지,30000,36,0,15,,20241223,1989,아파트,중개거래,서울 도봉구,2024-12-21,2024-12,833.3333
2024,11350,노원구,10500,상계동,1,대지,0730,0002,상계주공3(고층),67500,58,0,8,,,1987,아파트,중개거래,서울 노원구,2024-12-21,2024-12,1163.7931
2024,11440,마포구,12500,성산동,1,대지,0446,0000,성산시영(선경),100000,50,0,10,,,1986,아파트,중개거래,서울 마포구,2024-12-21,2024-12,2000.0
2024,11140,중구,16200,신당동,1,대지,0851,0000,래미안하이베르,109000,59,0,6,,20241226,2011,아파트,중개거래,서울 중구,2024-12-21,2024-12,1847.4576
2024,11530,구로구,10700,개봉동,1,대지,0489,0000,개봉동현대아이파크,73000,59,0,15,,20250204,2006,아파트,중개거래,서울 구로구,2024-12-20,2024-12,1237.2881
2024,11740,강동구,10600,둔촌동,1,대지,0170,0001,올림픽파크포레온,235526,84,0,10,입주권,,0,아파트,중개거래,서울 강동구,2024-12-20,2024-12,2803.8809
2024,11140,중구,16500,황학동,1,대지,2545,0000,롯데캐슬,94690,114,0,20,,20241231,2008,아파트,직거래,,2024-12-20,2024-12,830.614
2024,11200,성동구,11400,성수동1가,1,대지,0706,0000,쌍용,120000,59,0,5,,20250109,1997,아파트,중개거래,"경기 하남시, 서울 성동구",2024-12-20,2024-12,2033.8983
2024,11470,양천구,10100,신정동,1,대지,0326,0000,목동신시가지12,152000,71,0,2,,,1988,아파트,중개거래,서울 양천구,2024-12-20,2024-12,2140.845
2024,11680,강남구,11000,압구정동,1,대지,0434,0000,신현대12차,510000,110,0,8,,,1982,아파트,중개거래,서울 강남구,2024-12-20,2024-12,4636.364
2024,11320,도봉구,10700,창동,1,대지,0347,0000,창동주공3단지(해등마을),50000,49,0,1,,,1990,아파트,중개거래,서울 도봉구,2024-12-20,2024-12,1020.40814
2024,11200,성동구,11300,옥수동,1,대지,0250,0000,옥수삼성,134000,59,0,10,,,1999,아파트,중개거래,서울 성동구,2024-12-20,2024-12,2271.1865
2024,11680,강남구,11000,압구정동,1,대지,0426,0000,신현대9차,705000,152,0,4,,,1982,아파트,중개거래,서울 강남구,2024-12-20,2024-12,4638.1577
2024,11680,강남구,10300,개포동,1,대지,0176,0002,대치푸르지오발라드,103632,41,0,4,,,2024,아파트,직거래,,2024-12-20,2024-12,2527.6099
2024,11200,성동구,12200,용답동,1,대지,0121,0000,청계 SK VIEW,97810,59,0,9,분양권,,0,아파트,중개거래,서울 성동구,2024-12-20,2024-12,1657.7966
2024,11200,성동구,12200,용답동,3,블럭,0108,0001,청계리버뷰자이,104000,59,0,19,분양권,,0,아파트,직거래,,2024-12-20,2024-12,1762.7119
2024,11200,성동구,12200,용답동,3,블럭,0108,0001,청계리버뷰자이,103885,59,0,17,분양권,,0,아파트,직거래,,2024-12-20,2024-12,1760.7627
2024,11470,양천구,10200,목동,1,대지,0912,0000,목동신시가지5,230000,95,0,2,,,1986,아파트,중개거래,서울 양천구,2024-12-20,2024-12,2421.0527
2024,11470,양천구,10100,신정동,1,대지,0312,0000,목동신시가지9,176000,71,0,14,,,1987,아파트,중개거래,서울 양천구,2024-12-20,2024-12,2478.8733
2024,11200,성동구,12200,용답동,3,블럭,0108,0001,청계리버뷰자이,131523,78,0,29,분양권,,0,아파트,중개거래,서울 성동구,2024-12-20,2024-12,1686.1923
2024,11470,양천구,10100,신정동,1,대지,0312,0000,목동신시가지9,172000,71,0,8,,,1987,아파트,중개거래,서울 양천구,2024-12-20,2024-12,2422.5352
2024,11470,양천구,10100,신정동,1,대지,0312,0000,목동신시가지9,225000,106,0,3,,,1987,아파트,중개거래,서울 양천구,2024-12-20,2024-12,2122.6416
2024,11230,동대문구,10900,휘경동,1,대지,0336,0032,캠퍼스드림오피스텔,20800,16,0,15,,,2020,아파트,중개거래,서울 동대문구,2024-12-20,2024-12,1300.0
2024,11350,노원구,10300,공릉동,1,대지,0081,0000,태강아파트(아이파크),57300,59,0,14,,,1999,아파트,중개거래,서울 노원구,2024-12-20,2024-12,971.18646
2024,11350,노원구,10400,하계동,1,대지,0273,0000,장미(시영6),50500,49,0,10,,,1989,아파트,중개거래,서울 노원구,2024-12-20,2024-12,1030.6123
2024,11740,강동구,11000,강일동,1,대지,0665,0000,강일리버파크1단지,80000,84,0,1,,,2009,아파트,중개거래,서울 강동구,2024-12-20,2024-12,952.381
2024,11560,영등포구,13200,신길동,1,대지,0897,0001,삼환,84500,59,0,4,,,1997,아파트,중개거래,서울 영등포구,2024-12-20,2024-12,1432.2034
2024,11590,동작구,10200,상도동,1,대지,0421,0000,삼성래미안2,91750,59,0,3,,,2003,아파트,중개거래,서울 동작구,2024-12-20,2024-12,1555.0847
2024,11590,동작구,10200,상도동,1,대지,0414,0000,건영,114750,114,0,14,,,1997,아파트,중개거래,서울 동작구,2024-12-20,2024-12,1006.5789
2024,11350,노원구,10500,상계동,1,대지,0451,0000,한신2차,31500,45,0,7,,,1988,아파트,중개거래,서울 노원구,2024-12-20,2024-12,700.0
2024,11350,노원구,10500,상계동,1,대지,1256,0000,은빛2단지,31000,39,0,2,,,1998,아파트,중개거래,서울 노원구,2024-12-20,2024-12,794.87177
2024,11620,관악구,10100,봉천동,1,대지,0729,0032,해태보라매타워,59500,59,0,12,,,1996,아파트,중개거래,서울 동작구,2024-12-20,2024-12,1008.47455
2024,11590,동작구,10900,신대방동,1,대지,0707,0000,현대,97075,84,0,14,,,1996,아파트,중개거래,서울 동작구,2024-12-20,2024-12,1155.6548
2024,11710,송파구,10200,신천동,1,대지,0011,0000,장미3,319500,134,0,12,,,1984,아파트,중개거래,서울 송파구,2024-12-20,2024-12,2384.3284
2024,11680,강남구,10300,개포동,1,대지,0653,0000,현대1차101동~106동,308000,128,0,7,,,1984,아파트,중개거래,서울 강남구,2024-12-20,2024-12,2406.25
2024,11740,강동구,10500,길동,1,대지,0400,0000,길동우성,90000,84,0,14,,,1994,아파트,중개거래,서울 강동구,2024-12-20,2024-12,1071.4286
2024,11380,은평구,11400,진관동,1,대지,0013,0000,상림마을7단지아이파크(706~708동)BL1-3,105500,167,0,6,,,2008,아파트,중개거래,서울 은평구,2024-12-20,2024-12,631.7365
2024,11215,광진구,10500,자양동,1,대지,0227,0007,더샵스타시티,220000,139,0,30,,,2007,아파트,중개거래,서울 광진구,2024-12-20,2024-12,1582.7338
2024,11380,은평구,10700,응암동,1,대지,0093,0008,경원파발리안,55000,70,0,6,,,2009,아파트,중개거래,서울 은평구,2024-12-20,2024-12,785.7143
2024,11230,동대문구,10900,휘경동,1,대지,0369,0000,휘경제이스카이아파트,65000,84,0,13,,,2016,아파트,중개거래,서울 성동구,2024-12-20,2024-12,773.8095
2024,11500,강서구,10900,방화동,1,대지,0814,0000,방화5,39000,33,0,11,,,1994,아파트,중개거래,서울 강서구,2024-12-20,2024-12,1181.8182
2024,11560,영등포구,11400,당산동4가,1,대지,0091,0000,e편한세상 당산 리버파크,109781,59,0,8,입주권,,0,아파트,중개거래,서울 영등포구,2024-12-20,2024-12,1860.695
2024,11320,도봉구,10600,방학동,1,대지,0530,0000,신동아아파트3,34000,84,0,12,,,1992,아파트,중개거래,서울 노원구,2024-12-20,2024-12,404.7619
2024,11590,동작구,10200,상도동,1,대지,0363,0164,상도휴엔하임,19700,16,0,12,,20241230,2016,아파트,중개거래,서울 동작구,2024-12-20,2024-12,1231.25
2024,11740,강동구,11000,강일동,1,대지,0707,0000,고덕리엔파크1단지,106000,84,0,12,,,2011,아파트,중개거래,서울 강동구,2024-12-20,2024-12,1261.9048
2024,11560,영등포구,13200,신길동,1,대지,4501,0000,우창,79500,55,0,6,,,1983,아파트,중개거래,서울 영등포구,2024-12-20,2024-12,1445.4546
2024,11500,강서구,10300,화곡동,1,대지,1159,0000,"우장산아이파크,이편한세상",124000,84,0,17,,,2008,아파트,중개거래,서울 강서구,2024-12-20,2024-12,1476.1904
2024,11410,서대문구,11200,대현동,1,대지,0144,0000,신촌럭키,123700,121,0,15,,,1999,아파트,중개거래,"서울 서대문구, 서울 송파구",2024-12-20,2024-12,1022.314
2024,11305,강북구,10100,미아동,1,대지,1354,0000,벽산라이브파크,49000,59,0,1,,,2004,아파트,중개거래,서울 강북구,2024-12-20,2024-12,830.5085
2024,11710,송파구,10700,가락동,1,대지,0096,0001,우성,161000,127,0,9,,,1986,아파트,중개거래,서울 송파구,2024-12-20,2024-12,1267.7166
2024,11680,강남구,10600,대치동,1,대지,1027,0000,래미안대치팰리스,400000,94,0,3,,,2015,아파트,중개거래,서울 강남구,2024-12-20,2024-12,4255.3193
2024,11230,동대문구,11000,이문동,1,대지,0073,0000,삼익,53000,84,0,19,,,1997,아파트,중개거래,서울 동대문구,2024-12-20,2024-12,630.9524
2024,11620,관악구,10100,봉천동,1,대지,1698,0001,보라매삼성,86500,84,0,8,,,1996,아파트,중개거래,서울 동작구,2024-12-20,2024-12,1029.762
2024,11620,관악구,10200,신림동,1,대지,1727,0000,그대家,48000,59,0,5,,,2003,아파트,중개거래,서울 관악구,2024-12-20,2024-12,813.5593
2024,11230,동대문구,11000,이문동,3,블럭,0257,0042,래미안 라그란데,130500,84,0,6,입주권,,0,아파트,중개거래,서울 동대문구,2024-12-20,2024-12,1553.5714
2024,11530,구로구,10200,구로동,1,대지,0803,0013,(803-13)구로아트빌라8,20000,59,0,2,,,1997,아파트,직거래,,2024-12-20,2024-12,338.98306
2024,11230,동대문구,11000,이문동,3,블럭,0257,0042,래미안 라그란데,82000,52,0,2,분양권,,0,아파트,중개거래,서울 동대문구,2024-12-20,2024-12,1576.9231
2024,11590,동작구,10700,사당동,1,대지,0105,0000,극동(105),85000,84,0,20,,,1993,아파트,중개거래,서울 동작구,2024-12-20,2024-12,1011.9048
2024,11350,노원구,10600,중계동,1,대지,0359,0001,주공5,42000,38,0,13,,,1992,아파트,중개거래,서울 도봉구,2024-12-20,2024-12,1105.2632
2024,11590,동작구,10700,사당동,1,대지,0105,0000,극동(105),100800,84,0,14,,,1993,아파트,중개거래,서울 동작구,2024-12-20,2024-12,1200.0
2024,11230,동대문구,10900,휘경동,1,대지,0057,0000,주공2,46000,39,0,16,,,2001,아파트,중개거래,서울 동대문구,2024-12-20,2024-12,1179.4872
2024,11260,중랑구,10600,신내동,1,대지,0838,0000,망우역신원아침도시,60000,57,0,20,,,2023,아파트,중개거래,서울 중랑구,2024-12-20,2024-12,1052.6316
2024,11530,구로구,10100,신도림동,1,대지,0412,0003,신도림팰러티움,90000,84,0,21,,,2006,아파트,중개거래,서울 구로구,2024-12-20,2024-12,1071.4286
2024,11410,서대문구,11800,홍은동,1,대지,0008,0285,북한산삼부르네상스(21.10.08),68000,84,0,7,,,2021,아파트,중개거래,서울 서대문구,2024-12-20,2024-12,809.5238
2024,11215,광진구,10400,광장동,1,대지,0577,0000,현대파크빌,169000,84,0,12,,20250213,2000,아파트,중개거래,"경기 하남시, 서울 광진구",2024-12-20,2024-12,2011.9048
2024,11320,도봉구,10600,방학동,1,대지,0444,0031,대원그린아파트,30000,53,0,8,,,1987,아파트,중개거래,서울 도봉구,2024-12-20,2024-12,566.0377
2024,11470,양천구,10200,목동,1,대지,0965,0000,목동롯데캐슬마에스트로,106500,59,0,14,,,2019,아파트,중개거래,서울 양천구,2024-12-20,2024-12,1805.0847
2024,11140,중구,15600,입정동,1,대지,0280,0000,힐스테이트세운센트럴2단지,105000,49,0,8,,,2023,아파트,중개거래,서울 중구,2024-12-19,2024-12,2142.8572
2024,11620,관악구,10100,봉천동,1,대지,0869,0006,서울대역마에스트로,17000,19,0,19,,,2012,아파트,중개거래,서울 관악구,2024-12-19,2024-12,894.7368
2024,11200,성동구,10700,행당동,1,대지,0347,0000,대림e-편한세상,110000,59,0,4,,,2000,아파트,중개거래,서울 성동구,2024-12-19,2024-12,1864.4067
